이름,WAR,game,타석,타수,득점,안타,2루타,3루타,홈런,루타,타점,도루,도루실패,볼넷출루,피사구,피고의사구,피삼진,병살,희생타,희생플라이,타율,출루,장타,OPS,wOBA,wRC+,WAR2,WPA,Position,Player,Salary
이정후,9.23,142,627,553,85,193,36,10,23,318,113,5,0,66,5,12,32,10,0,3, .349 , .421 , .575 , .996 , .441 , 182.5 ,9.23,6.72,Batter,이정후,75000.0
피렐라,7.4,141,630,561,102,192,33,4,28,317,109,15,5,55,12,12,81,19,0,2, .342 , .411 , .565 , .976 , .434 , 169.3 ,7.4,4.2,Batter,피렐라,60000.0
나성범,6.5,144,649,563,92,180,39,2,21,286,97,6,1,64,17,6,137,7,0,5, .320 , .402 , .508 , .910 , .411 , 157.4 ,6.5,3.74,Batter,나성범,200000.0
오지환,5.77,142,569,494,75,133,16,4,25,232,87,20,7,62,7,2,107,11,3,3, .269 , .357 , .470 , .827 , .372 , 138.6 ,5.77,2.56,Batter,오지환,60000.0
최정,5.15,121,505,414,80,110,21,0,26,209,87,12,5,66,19,3,96,6,0,6, .266 , .386 , .505 , .891 , .400 , 145.4 ,5.15,3.72,Batter,최정,120000.0
소크라테스,4.97,127,554,514,83,160,29,7,17,254,77,13,6,34,2,4,81,11,0,4, .311 , .354 , .494 , .848 , .380 , 137.0 ,4.97,0.61,Batter,소크라테스,50000.0
김현수,4.88,141,604,524,78,150,25,2,23,248,106,2,1,71,5,7,62,5,0,3, .286 , .375 , .473 , .848 , .382 , 145.1 ,4.88,2.7,Batter,김현수,150000.0
김혜성,4.8,129,566,516,81,164,18,7,4,208,48,34,7,47,0,3,83,9,0,3, .318 , .373 , .403 , .776 , .360 , 123.9 ,4.8,1.26,Batter,김혜성,32000.0
최지훈,4.78,144,640,570,93,173,32,4,10,243,61,31,7,47,7,0,77,7,12,4, .304 , .362 , .426 , .788 , .357 , 120.8 ,4.78,1.77,Batter,최지훈,15000.0
양의지,4.61,130,510,427,61,121,24,0,20,205,94,3,1,60,13,6,48,16,0,10, .283 , .380 , .480 , .861 , .386 , 140.3 ,4.61,0.76,Batter,양의지,100000.0
박건우,4.47,111,463,408,52,137,18,1,10,187,61,3,3,44,8,1,62,10,0,3, .336 , .408 , .458 , .867 , .400 , 151.9 ,4.47,1.02,Batter,박건우,190000.0
박성한,4.23,140,564,494,68,147,24,4,2,185,56,12,8,60,2,1,81,5,6,2, .298 , .375 , .374 , .749 , .349 , 116.6 ,4.23,1.49,Batter,박성한,14000.0
문보경,4.02,126,466,406,52,128,22,3,9,183,56,7,0,47,1,1,56,11,5,7, .315 , .382 , .451 , .833 , .377 , 138.3 ,4.02,1.1,Batter,문보경,6800.0
한유섬,3.9,135,545,458,62,121,33,1,21,219,100,1,1,66,16,6,137,8,0,5, .264 , .373 , .478 , .851 , .382 , 134.9 ,3.9,3.45,Batter,한유섬,240000.0
박병호,3.85,124,487,429,72,118,17,0,35,240,98,5,3,40,12,3,131,7,0,6, .275 , .349 , .559 , .909 , .399 , 147.8 ,3.85,3.71,Batter,박병호,60000.0
한동희,3.77,129,499,456,43,140,27,0,14,209,65,0,0,33,6,2,64,15,0,4, .307 , .359 , .458 , .817 , .372 , 129.2 ,3.77,0.32,Batter,한동희,17200.0
정은원,3.7,140,601,508,67,140,20,2,8,188,49,10,6,85,1,0,109,10,4,3, .276 , .379 , .370 , .749 , .352 , 118.2 ,3.7,-0.81,Batter,정은원,19080.0
박해민,3.45,144,636,570,97,165,20,8,3,210,49,24,6,44,9,0,85,4,7,6, .289 , .347 , .368 , .715 , .331 , 103.9 ,3.45,0.6,Batter,박해민,60000.0
장성우,3.38,117,420,362,48,94,11,0,18,159,55,1,0,52,2,2,79,12,1,3, .260 , .353 , .439 , .792 , .360 , 121.8 ,3.38,0.5,Batter,장성우,50000.0
노진혁,3.31,115,451,396,50,111,24,0,15,180,75,2,0,45,2,3,105,11,3,5, .280 , .353 , .455 , .807 , .362 , 125.1 ,3.31,1.13,Batter,노진혁,23000.0
허경민,3.29,121,493,432,59,125,23,0,8,172,60,10,3,36,16,3,40,12,2,7, .289 , .361 , .398 , .759 , .350 , 119.6 ,3.29,1.82,Batter,허경민,120000.0
안치홍,3.24,132,562,493,71,140,27,3,14,215,58,7,2,51,5,4,52,13,8,5, .284 , .354 , .436 , .790 , .354 , 117.2 ,3.24,0.87,Batter,안치홍,100000.0
김재환,3.24,128,517,448,64,111,24,1,23,206,72,2,1,61,4,4,133,5,0,4, .248 , .340 , .460 , .800 , .360 , 130.7 ,3.24,0.33,Batter,김재환,150000.0
홍창기,3.17,118,525,437,76,125,19,4,1,155,51,13,4,59,19,0,75,11,5,5, .286 , .390 , .355 , .745 , .353 , 119.2 ,3.17,1.27,Batter,홍창기,32000.0
전준우,3.1,120,517,470,73,143,31,1,11,209,68,6,3,35,3,1,73,14,0,9, .304 , .350 , .445 , .795 , .361 , 121.3 ,3.1,1.19,Batter,전준우,50000.0
박찬호,3.02,130,566,494,81,134,22,0,4,168,45,41,8,57,1,0,67,9,7,7, .271 , .344 , .340 , .684 , .319 , 95.0 ,3.02,0.62,Batter,박찬호,12000.0
박동원,2.94,123,447,385,52,93,21,0,18,168,57,1,0,45,9,4,95,9,7,1, .242 , .334 , .436 , .771 , .344 , 111.5 ,2.94,-0.8,Batter,박동원,31000.0
채은성,2.89,126,526,467,48,138,26,2,12,204,83,6,7,27,21,3,88,16,0,11, .296 , .354 , .437 , .790 , .359 , 127.3 ,2.89,-0.22,Batter,채은성,28000.0
김선빈,2.88,140,587,505,51,145,23,0,3,177,61,13,2,65,6,0,47,14,7,3, .287 , .373 , .351 , .724 , .341 , 109.6 ,2.88,1.39,Batter,김선빈,45000.0
오재일,2.83,135,536,470,57,126,42,0,21,231,94,2,1,58,1,8,133,7,0,7, .268 , .345 , .491 , .837 , .370 , 126.5 ,2.83,0.86,Batter,오재일,60000.0
조용호,2.66,131,531,474,52,146,18,4,3,181,44,5,4,49,3,3,74,3,2,3, .308 , .374 , .382 , .756 , .352 , 115.8 ,2.66,1.99,Batter,조용호,24000.0
노시환,2.65,115,490,434,55,122,24,1,6,166,59,6,2,48,4,1,95,13,0,4, .281 , .355 , .382 , .738 , .344 , 112.5 ,2.65,1.99,Batter,노시환,12000.0
황재균,2.65,141,581,519,59,136,24,3,10,196,64,6,3,53,5,5,99,17,2,2, .262 , .335 , .378 , .713 , .328 , 99.6 ,2.65,-0.18,Batter,황재균,40000.0
배정대,2.58,144,575,508,64,135,24,2,6,181,56,19,4,54,4,0,126,2,5,4, .266 , .339 , .356 , .695 , .324 , 96.7 ,2.58,-0.18,Batter,배정대,26000.0
문성주,2.48,106,390,327,55,99,15,3,6,138,41,9,6,51,3,2,36,13,8,1, .303 , .401 , .422 , .823 , .375 , 136.0 ,2.48,0.48,Batter,문성주,4200.0
알포드,2.47,80,323,283,48,81,19,1,14,144,50,5,1,33,3,3,90,3,0,4, .286 , .362 , .509 , .871 , .387 , 139.7 ,2.47,2.04,Batter,알포드,47700.0
추신수,2.38,112,499,409,77,106,20,1,16,176,58,15,5,71,13,1,100,6,2,4, .259 , .382 , .430 , .813 , .374 , 129.8 ,2.38,2.01,Batter,추신수,270000.0
강승호,2.34,134,487,444,54,117,28,1,10,177,62,13,5,29,3,0,100,8,6,5, .264 , .310 , .399 , .708 , .320 , 100.5 ,2.34,0.53,Batter,강승호,11500.0
유강남,2.3,139,469,416,54,106,16,0,8,146,47,0,0,34,11,1,98,9,6,2, .255 , .326 , .351 , .677 , .314 , 94.9 ,2.3,0.41,Batter,유강남,27000.0
렉스,2.3,56,251,218,32,72,10,1,8,108,34,3,0,26,5,2,44,4,0,2, .330 , .410 , .495 , .906 , .411 , 156.3 ,2.3,1.32,Batter,렉스,31370.0
최형우,2.29,132,530,454,55,120,27,1,14,191,71,1,0,73,1,5,92,9,0,2, .264 , .366 , .421 , .787 , .361 , 123.3 ,2.29,1.16,Batter,최형우,90000.0
류지혁,2.26,127,477,405,55,112,19,2,2,141,48,8,4,56,6,0,83,6,8,2, .277 , .371 , .348 , .719 , .338 , 107.8 ,2.26,1.01,Batter,류지혁,10500.0
박민우,2.13,104,451,390,61,104,22,1,4,140,38,21,4,42,10,5,55,7,6,3, .267 , .351 , .359 , .710 , .326 , 101.0 ,2.13,0.62,Batter,박민우,41000.0
강민호,2.11,130,444,396,38,102,19,1,13,162,66,0,0,41,3,4,58,21,1,3, .258 , .330 , .409 , .739 , .335 , 103.6 ,2.11,0.55,Batter,강민호,60000.0
김지찬,2.08,113,429,361,62,101,7,6,0,120,25,25,4,45,2,0,64,2,19,2, .280 , .361 , .332 , .693 , .317 , 93.2 ,2.08,0.63,Batter,김지찬,11000.0
손아섭,2.07,138,617,548,72,152,29,4,4,201,48,6,3,59,3,2,76,9,1,6, .277 , .347 , .367 , .714 , .333 , 105.7 ,2.07,1.43,Batter,손아섭,150000.0
송성문,2.01,142,601,547,67,135,21,4,13,203,79,0,1,45,1,6,65,8,1,7, .247 , .302 , .371 , .673 , .305 , 88.1 ,2.01,-1.23,Batter,송성문,7500.0
김현준,1.96,118,422,363,57,100,19,4,0,127,22,5,3,45,6,0,80,1,8,0, .275 , .365 , .350 , .715 , .334 , 105.5 ,1.96,0.64,Batter,김현준,3300.0
고승민,1.95,92,262,234,31,74,15,1,5,106,30,1,4,25,0,0,47,6,2,1, .316 , .381 , .453 , .834 , .381 , 134.4 ,1.95,1.34,Batter,고승민,3800.0
구자욱,1.91,99,442,409,69,119,23,3,5,163,37,11,1,27,3,2,84,7,1,2, .291 , .338 , .399 , .736 , .338 , 107.1 ,1.91,-0.31,Batter,구자욱,250000.0
이창진,1.84,111,404,346,56,104,14,0,7,139,48,3,5,41,2,0,63,7,11,4, .301 , .374 , .402 , .776 , .352 , 117.2 ,1.84,-0.65,Batter,이창진,7000.0
강한울,1.83,93,252,226,31,73,12,1,1,90,26,4,2,20,0,0,48,2,4,2, .323 , .375 , .398 , .773 , .355 , 119.4 ,1.83,-0.53,Batter,강한울,10000.0
김준태,1.82,98,270,231,28,63,16,1,4,93,27,2,0,33,0,1,77,4,3,3, .273 , .360 , .403 , .762 , .348 , 113.0 ,1.82,0.54,Batter,김준태,6500.0
김주원,1.81,96,326,273,35,62,10,2,10,106,47,10,3,30,14,1,89,4,9,0, .227 , .334 , .388 , .723 , .327 , 100.7 ,1.81,-0.41,Batter,김주원,6000.0
최재훈,1.78,114,437,364,38,81,14,0,5,110,30,1,1,44,21,0,65,17,5,2, .223 , .339 , .302 , .641 , .308 , 87.4 ,1.78,-1.31,Batter,최재훈,100000.0
김휘집,1.58,112,393,333,40,74,12,1,8,112,36,0,0,39,14,0,115,6,3,4, .222 , .326 , .336 , .662 , .312 , 93.6 ,1.58,-1.22,Batter,김휘집,3900.0
양석환,1.57,107,446,406,58,99,14,1,20,175,51,1,0,32,7,3,101,3,0,1, .244 , .309 , .431 , .741 , .334 , 113.0 ,1.57,0.05,Batter,양석환,39000.0
하주석,1.38,125,483,444,50,115,18,2,5,152,58,20,6,31,3,1,126,4,2,3, .259 , .310 , .342 , .652 , .303 , 84.5 ,1.38,-0.21,Batter,하주석,20090.0
김재성,1.37,63,185,161,16,54,10,0,3,73,26,0,0,18,2,0,40,4,1,3, .335 , .402 , .453 , .856 , .392 , 143.6 ,1.37,0.44,Batter,김재성,4500.0
김강민,1.33,84,202,178,24,54,11,0,5,80,18,1,3,18,3,2,39,1,2,1, .303 , .375 , .449 , .824 , .372 , 129.5 ,1.33,1.07,Batter,김강민,16000.0
박세혁,1.29,128,402,351,33,87,13,1,3,111,41,2,2,33,6,1,71,4,8,4, .248 , .320 , .316 , .636 , .295 , 80.4 ,1.29,-1.26,Batter,박세혁,30000.0
이지영,1.26,137,450,420,38,112,13,4,2,139,37,1,1,20,2,2,44,16,8,0, .267 , .303 , .331 , .634 , .290 , 75.6 ,1.26,-1.85,Batter,이지영,30000.0
황성빈,1.23,102,353,320,62,94,12,4,1,117,16,10,12,22,2,0,55,2,7,2, .294 , .341 , .366 , .707 , .324 , 95.3 ,1.23,-0.39,Batter,황성빈,3000.0
김태군,1.22,102,235,205,20,61,11,0,2,78,25,0,0,17,4,0,34,15,6,3, .298 , .358 , .380 , .739 , .337 , 106.3 ,1.22,-0.17,Batter,김태군,20000.0
이재원,1.19,85,253,223,31,50,8,2,13,101,43,3,1,18,12,2,77,3,0,0, .224 , .316 , .453 , .769 , .346 , 122.0 ,1.19,0.61,Batter,이재원,5200.0
이재원,1.19,85,253,223,31,50,8,2,13,101,43,3,1,18,12,2,77,3,0,0, .224 , .316 , .453 , .769 , .346 , 122.0 ,1.19,0.61,Batter,이재원,100000.0
김인태,1.17,83,279,235,25,58,6,0,5,79,25,1,0,41,3,1,47,6,0,0, .247 , .366 , .336 , .702 , .337 , 109.9 ,1.17,0.08,Batter,김인태,14000.0
안권수,1.15,76,267,239,43,71,7,2,0,82,20,3,4,26,1,0,40,6,1,0, .297 , .368 , .343 , .712 , .339 , 108.3 ,1.15,-0.47,Batter,안권수,4800.0
정수빈,1.13,127,455,405,58,105,12,4,3,134,41,15,8,39,1,1,56,2,6,4, .259 , .323 , .331 , .654 , .303 , 85.3 ,1.13,0.81,Batter,정수빈,60000.0
이원석,1.12,88,335,288,31,77,13,0,10,120,60,0,0,33,5,2,70,7,3,6, .267 , .346 , .417 , .763 , .345 , 110.2 ,1.12,1.31,Batter,이원석,30000.0
황대인,1.08,129,524,476,40,122,27,0,14,191,91,0,0,36,7,2,92,20,0,5, .256 , .315 , .401 , .716 , .327 , 100.0 ,1.08,-1.18,Batter,황대인,6500.0
전의산,1.0,77,266,241,36,60,15,1,13,116,45,0,0,24,0,3,84,6,0,1, .249 , .316 , .481 , .797 , .353 , 114.0 ,1.0,0.2,Batter,전의산,3000.0
김태연,0.95,119,464,404,46,97,18,0,7,136,53,3,2,48,5,1,106,9,3,4, .240 , .325 , .337 , .662 , .310 , 89.1 ,0.95,-1.45,Batter,김태연,5600.0
오윤석,0.84,111,337,286,23,67,13,0,6,98,37,2,1,34,6,0,69,9,5,6, .234 , .322 , .343 , .665 , .308 , 86.1 ,0.84,0.26,Batter,오윤석,9000.0
김민혁,0.79,38,97,88,11,25,2,0,5,42,16,0,0,7,2,0,25,6,0,0, .284 , .351 , .477 , .828 , .377 , 142.7 ,0.79,0.11,Batter,김민혁,3200.0
김민혁,0.79,38,97,88,11,25,2,0,5,42,16,0,0,7,2,0,25,6,0,0, .284 , .351 , .477 , .828 , .377 , 142.7 ,0.79,0.11,Batter,김민혁,9000.0
김민식,0.76,104,266,222,30,49,9,1,2,66,28,0,0,32,2,1,45,4,7,3, .221 , .321 , .297 , .618 , .288 , 73.5 ,0.76,-0.99,Batter,김민식,9500.0
김인환,0.73,113,429,398,48,104,14,0,16,166,54,2,0,24,3,2,111,4,0,4, .261 , .305 , .417 , .722 , .327 , 100.3 ,0.73,-1.43,Batter,김인환,3200.0
김도영,0.72,103,254,224,37,53,11,4,3,81,19,13,3,22,3,0,62,3,4,1, .237 , .312 , .362 , .674 , .309 , 88.1 ,0.72,-0.53,Batter,김도영,3000.0
김상수,0.56,72,260,235,30,59,11,0,2,76,29,2,1,18,1,0,44,6,4,2, .251 , .305 , .323 , .628 , .291 , 75.2 ,0.56,-0.79,Batter,김상수,25000.0
김상수,0.56,72,260,235,30,59,11,0,2,76,29,2,1,18,1,0,44,6,4,2, .251 , .305 , .323 , .628 , .291 , 75.2 ,0.56,-0.79,Batter,김상수,30000.0
박준영,0.53,75,240,208,27,45,8,1,4,67,19,7,2,27,1,0,54,6,3,1, .216 , .308 , .322 , .630 , .295 , 78.9 ,0.53,-1.16,Batter,박준영,7000.0
박준영,0.53,75,240,208,27,45,8,1,4,67,19,7,2,27,1,0,54,6,3,1, .216 , .308 , .322 , .630 , .295 , 78.9 ,0.53,-1.16,Batter,박준영,3000.0
오선진,0.53,100,306,268,30,74,8,0,3,91,24,2,2,18,3,0,51,5,16,1, .276 , .328 , .340 , .667 , .299 , 79.9 ,0.53,-0.72,Batter,오선진,7000.0
최주환,0.52,97,333,298,36,63,14,2,9,108,41,0,0,29,4,2,55,5,0,2, .211 , .288 , .362 , .651 , .298 , 79.1 ,0.52,-0.42,Batter,최주환,65000.0
김대한,0.5,51,110,96,13,23,6,1,4,43,11,2,1,5,6,0,27,0,2,1, .240 , .315 , .448 , .763 , .339 , 115.5 ,0.5,-0.09,Batter,김대한,3000.0
권희동,0.49,82,280,238,30,53,5,1,5,75,22,2,1,31,8,1,44,3,2,1, .223 , .331 , .315 , .646 , .307 , 87.4 ,0.49,0.39,Batter,권희동,11000.0
지시완,0.48,75,199,174,16,37,7,0,3,53,17,0,0,20,2,1,55,7,2,1, .213 , .300 , .305 , .604 , .283 , 68.3 ,0.48,-0.31,Batter,지시완,6000.0
이우성,0.44,80,137,120,23,35,7,0,1,45,12,1,3,12,1,0,20,5,4,0, .292 , .361 , .375 , .736 , .337 , 106.9 ,0.44,-1.03,Batter,이우성,4100.0
양찬열,0.43,41,94,82,15,20,4,0,3,33,12,0,0,11,0,0,23,2,1,0, .244 , .333 , .402 , .736 , .337 , 113.1 ,0.43,0.38,Batter,양찬열,3000.0
고종욱,0.4,62,114,106,13,30,7,1,2,45,14,1,0,7,0,0,21,2,1,0, .283 , .327 , .425 , .752 , .341 , 110.4 ,0.4,0.63,Batter,고종욱,7000.0
김주형,0.33,55,130,110,16,22,7,1,1,34,5,1,0,4,13,0,29,4,2,1, .200 , .305 , .309 , .614 , .291 , 76.0 ,0.33,-0.93,Batter,김주형,4500.0
박상언,0.32,56,151,134,16,30,5,1,4,49,17,0,3,11,0,0,28,2,5,1, .224 , .281 , .366 , .647 , .287 , 73.4 ,0.32,-0.83,Batter,,3200.0
안승한,0.32,30,39,36,5,12,3,0,0,15,8,0,0,2,0,0,12,0,1,0, .333 , .368 , .417 , .785 , .356 , 122.1 ,0.32,0.21,Batter,안승한,3700.0
손호영,0.31,36,82,74,13,19,0,2,3,32,14,0,3,6,0,0,14,2,1,1, .257 , .309 , .432 , .741 , .330 , 106.7 ,0.31,0.03,Batter,손호영,3500.0
신용수,0.3,49,73,68,8,16,4,2,2,30,7,3,1,4,1,0,15,0,0,0, .235 , .288 , .441 , .729 , .328 , 97.8 ,0.3,0.19,Batter,신용수,4900.0
허도환,0.29,64,92,85,7,21,5,0,1,29,6,0,0,2,2,0,26,2,3,0, .247 , .281 , .341 , .622 , .280 , 71.2 ,0.29,-0.49,Batter,허도환,10000.0
이재원,0.28,105,279,234,27,47,6,0,4,65,28,1,0,25,8,1,44,13,9,3, .201 , .296 , .278 , .574 , .267 , 57.8 ,0.28,-1.59,Batter,이재원,5200.0
이재원,0.28,105,279,234,27,47,6,0,4,65,28,1,0,25,8,1,44,13,9,3, .201 , .296 , .278 , .574 , .267 , 57.8 ,0.28,-1.59,Batter,이재원,100000.0
조수행,0.28,117,134,119,36,28,4,1,1,37,9,22,7,10,1,0,31,4,2,2, .235 , .296 , .311 , .606 , .281 , 70.3 ,0.28,-0.74,Batter,조수행,8500.0
서건창,0.28,77,247,219,39,49,10,1,2,67,18,8,3,20,4,0,44,5,3,1, .224 , .299 , .306 , .605 , .285 , 73.4 ,0.28,-1.75,Batter,서건창,26000.0
김호령,0.28,54,88,77,21,21,1,1,1,27,8,2,1,7,0,0,22,4,4,0, .273 , .333 , .351 , .684 , .307 , 87.1 ,0.28,-0.63,Batter,김호령,6000.0
송찬의,0.25,33,78,72,8,17,4,0,3,30,10,2,1,2,3,0,24,0,0,1, .236 , .282 , .417 , .699 , .316 , 100.2 ,0.25,-0.65,Batter,송찬의,3000.0
임지열,0.25,40,148,131,16,36,6,0,1,45,15,1,0,10,2,0,43,2,3,2, .275 , .331 , .344 , .675 , .311 , 91.2 ,0.25,-0.55,Batter,임지열,3200.0
장준원,0.23,35,63,57,7,14,2,0,3,25,10,1,0,3,0,0,17,5,3,0, .246 , .283 , .439 , .722 , .310 , 86.8 ,0.23,0.12,Batter,장준원,3800.0
김태진,0.23,77,276,254,37,68,5,1,0,75,20,1,2,17,1,0,30,4,3,1, .268 , .315 , .295 , .610 , .289 , 74.5 ,0.23,-0.12,Batter,김태진,10000.0
이병헌,0.18,3,4,4,1,3,1,0,0,4,1,0,0,0,0,0,1,0,0,0, .750 , .750 , 1.000 , 1.750 , .801 , 426.4 ,0.18,0.08,Batter,이병헌,3000.0
이병헌,0.18,3,4,4,1,3,1,0,0,4,1,0,0,0,0,0,1,0,0,0, .750 , .750 , 1.000 , 1.750 , .801 , 426.4 ,0.18,0.08,Batter,이병헌,3000.0
최승민,0.17,44,34,34,19,11,0,0,0,11,3,6,3,0,0,0,7,1,0,0, .324 , .324 , .324 , .647 , .305 , 88.6 ,0.17,-0.42,Batter,최승민,3300.0
유상빈,0.16,17,49,46,3,15,5,0,0,20,4,0,1,0,0,0,11,0,2,1, .326 , .319 , .435 , .754 , .327 , 101.0 ,0.16,0.31,Batter,유상빈,3000.0
김성윤,0.15,48,49,42,14,8,3,0,1,14,2,10,2,5,1,0,10,0,1,0, .190 , .292 , .333 , .625 , .289 , 72.9 ,0.15,-0.18,Batter,김성윤,3800.0
박정현,0.15,81,220,205,23,50,4,1,3,65,19,6,1,12,1,0,56,2,2,0, .244 , .289 , .317 , .606 , .282 , 70.2 ,0.15,-1.42,Batter,박정현,3500.0
조민성,0.15,12,16,13,3,4,0,0,1,7,3,1,0,2,1,0,7,0,0,0, .308 , .438 , .538 , .976 , .443 , 175.4 ,0.15,-0.02,Batter,조민성,3000.0
권광민,0.14,32,87,71,6,16,3,1,0,21,8,0,1,13,1,0,30,0,0,2, .225 , .345 , .296 , .641 , .310 , 90.1 ,0.14,-0.62,Batter,,3000.0
하재훈,0.14,60,114,107,18,23,6,1,6,49,13,1,0,4,1,0,40,0,0,2, .215 , .246 , .458 , .704 , .308 , 83.3 ,0.14,-0.43,Batter,하재훈,5300.0
변우혁,0.14,21,61,61,5,16,3,0,3,28,8,0,0,0,0,0,21,3,0,0, .262 , .262 , .459 , .721 , .322 , 97.1 ,0.14,-0.76,Batter,변우혁,3000.0
김태근,0.12,2,6,4,0,2,1,0,0,3,2,0,1,1,1,0,1,0,0,0, .500 , .667 , .750 , 1.417 , .621 , 307.7 ,0.12,0.14,Batter,김태근,3000.0
전민재,0.12,35,46,45,11,13,1,0,0,14,0,3,0,0,0,0,12,3,1,0, .289 , .289 , .311 , .600 , .275 , 64.5 ,0.12,-0.11,Batter,전민재,3200.0
최경모,0.12,98,75,73,16,22,2,0,0,24,4,2,0,1,0,0,18,1,1,0, .301 , .311 , .329 , .640 , .296 , 79.6 ,0.12,-0.31,Batter,최경모,3000.0
이재용,0.12,8,6,5,1,1,0,0,1,4,2,0,0,1,0,0,2,1,0,0, .200 , .333 , .800 , 1.133 , .467 , 191.4 ,0.12,-0.01,Batter,이재용,3000.0
이명기,0.11,94,341,300,36,77,13,2,0,94,23,5,4,30,3,0,56,8,6,2, .257 , .328 , .313 , .642 , .301 , 84.1 ,0.11,-1.84,Batter,이명기,17500.0
김민혁,0.1,132,434,373,47,106,10,2,0,120,35,6,9,37,2,2,62,10,19,3, .284 , .349 , .322 , .671 , .305 , 83.6 ,0.1,0.07,Batter,김민혁,3200.0
김민혁,0.1,132,434,373,47,106,10,2,0,120,35,6,9,37,2,2,62,10,19,3, .284 , .349 , .322 , .671 , .305 , 83.6 ,0.1,0.07,Batter,김민혁,9000.0
장운호,0.1,57,146,122,12,29,3,0,1,35,15,0,2,17,3,1,24,2,2,2, .238 , .340 , .287 , .627 , .299 , 81.1 ,0.1,-0.01,Batter,장운호,5350.0
오영수,0.09,83,259,231,25,55,10,0,6,83,31,0,5,22,3,0,58,4,0,3, .238 , .309 , .359 , .668 , .311 , 89.8 ,0.09,0.33,Batter,오영수,3000.0
오태곤,0.08,130,295,263,48,61,15,1,4,90,23,11,4,15,9,1,68,3,5,3, .232 , .293 , .342 , .635 , .290 , 73.9 ,0.08,0.06,Batter,오태곤,10500.0
문상철,0.07,28,52,49,5,11,3,0,2,20,4,1,0,3,0,0,17,2,0,0, .224 , .269 , .408 , .677 , .306 , 84.3 ,0.07,-0.27,Batter,문상철,6600.0
김선우,0.06,3,4,3,1,1,0,0,0,1,0,0,0,0,1,0,0,0,0,0, .333 , .500 , .333 , .833 , .423 , 166.1 ,0.06,0.05,Batter,김선우,3000.0
최준우,0.05,10,16,12,0,3,0,0,0,3,1,0,0,3,0,0,3,0,0,1, .250 , .375 , .250 , .625 , .311 , 89.1 ,0.05,-0.06,Batter,최준우,2900.0
송승환,0.04,11,28,28,3,7,1,0,1,11,4,0,0,0,0,0,7,0,0,0, .250 , .250 , .393 , .643 , .290 , 81.2 ,0.04,0.22,Batter,송승환,3000.0
문상준,0.04,2,3,3,0,1,1,0,0,2,0,0,0,0,0,0,2,0,0,0, .333 , .333 , .667 , 1.000 , .439 , 171.0 ,0.04,0.07,Batter,문상준,3000.0
김민수,0.04,57,156,140,9,36,6,0,0,42,11,0,1,9,4,0,48,2,3,0, .257 , .320 , .300 , .620 , .293 , 73.7 ,0.04,0.23,Batter,김민수,3000.0
김민수,0.04,57,156,140,9,36,6,0,0,42,11,0,1,9,4,0,48,2,3,0, .257 , .320 , .300 , .620 , .293 , 73.7 ,0.04,0.23,Batter,김민수,6200.0
김민수,0.04,57,156,140,9,36,6,0,0,42,11,0,1,9,4,0,48,2,3,0, .257 , .320 , .300 , .620 , .293 , 73.7 ,0.04,0.23,Batter,김민수,5300.0
김민수,0.04,57,156,140,9,36,6,0,0,42,11,0,1,9,4,0,48,2,3,0, .257 , .320 , .300 , .620 , .293 , 73.7 ,0.04,0.23,Batter,김민수,11500.0
안상현,0.03,46,47,38,12,6,0,0,2,12,5,2,0,5,1,0,12,2,3,0, .158 , .273 , .316 , .589 , .261 , 50.6 ,0.03,-0.29,Batter,,3200.0
이형종,0.03,26,63,53,3,14,3,0,0,17,7,0,0,5,1,0,10,0,1,3, .264 , .323 , .321 , .643 , .296 , 80.5 ,0.03,0.27,Batter,이형종,12000.0
박찬혁,0.03,52,175,161,13,34,5,0,6,57,17,0,1,9,5,0,67,1,0,0, .211 , .274 , .354 , .628 , .291 , 81.8 ,0.03,-0.36,Batter,,3000.0
안재석,0.02,99,264,235,22,50,10,0,3,69,17,4,0,19,4,1,71,5,4,2, .213 , .281 , .294 , .574 , .267 , 61.8 ,0.02,-0.88,Batter,안재석,5800.0
강백호,0.02,62,264,237,24,58,12,0,6,88,29,0,0,23,1,2,44,6,1,2, .245 , .312 , .371 , .683 , .312 , 88.8 ,0.02,0.16,Batter,강백호,55000.0
김동진,0.02,5,4,4,0,1,1,0,0,2,0,0,0,0,0,0,2,0,0,0, .250 , .250 , .500 , .750 , .330 , 104.7 ,0.02,0.02,Batter,김동진,3000.0
박계범,0.02,77,168,145,21,32,8,0,2,46,14,5,3,12,3,1,40,1,6,2, .221 , .290 , .317 , .607 , .273 , 66.4 ,0.02,-0.89,Batter,박계범,14500.0
박유연,0.01,13,19,17,0,4,0,0,0,4,2,0,0,1,1,0,5,1,0,0, .235 , .316 , .235 , .551 , .276 , 64.6 ,0.01,0.04,Batter,박유연,3000.0
안중열,0.01,33,84,71,8,11,0,0,2,17,2,0,1,11,2,0,19,2,0,0, .155 , .286 , .239 , .525 , .262 , 55.7 ,0.01,-0.51,Batter,안중열,6400.0
이정범,0.0,7,11,11,2,3,0,0,0,3,1,0,0,0,0,0,2,0,0,0, .273 , .273 , .273 , .546 , .257 , 53.0 ,0.0,-0.03,Batter,이정범,3200.0
신준우,0.0,76,54,43,6,6,3,0,0,9,0,0,0,7,2,0,19,0,2,0, .140 , .289 , .209 , .498 , .246 , 45.5 ,0.0,-0.23,Batter,,3000.0
고명성,0.0,1,0,0,0,0,0,0,0,0,0,0,0,0,0,0,0,0,0,0,  ,  ,  ,  ,  ,  ,0.0,0.0,Batter,고명성,3100.0
김재유,0.0,1,0,0,0,0,0,0,0,0,0,0,0,0,0,0,0,0,0,0,  ,  ,  ,  ,  ,  ,0.0,0.03,Batter,김재유,6000.0
이승진,0.0,1,0,0,0,0,0,0,0,0,0,0,0,0,0,0,0,0,0,0,  ,  ,  ,  ,  ,  ,0.0,0.0,Batter,이승진,11000.0
배재준,0.0,1,0,0,0,0,0,0,0,0,0,0,0,0,0,0,0,0,0,0,  ,  ,  ,  ,  ,  ,0.0,0.0,Batter,배재준,5000.0
김서준,0.0,1,0,0,0,0,0,0,0,0,0,0,0,0,0,0,0,0,0,0,  ,  ,  ,  ,  ,  ,0.0,0.0,Batter,김서준,3000.0
박승주,0.0,1,0,0,0,0,0,0,0,0,0,0,0,0,0,0,0,0,0,0,  ,  ,  ,  ,  ,  ,0.0,0.0,Batter,박승주,3200.0
오승환,0.0,3,0,0,0,0,0,0,0,0,0,0,0,0,0,0,0,0,0,0,  ,  ,  ,  ,  ,  ,0.0,0.0,Batter,오승환,160000.0
채지선,0.0,1,0,0,0,0,0,0,0,0,0,0,0,0,0,0,0,0,0,0,  ,  ,  ,  ,  ,  ,0.0,0.0,Batter,채지선,4000.0
김범수,0.0,1,0,0,0,0,0,0,0,0,0,0,0,0,0,0,0,0,0,0,  ,  ,  ,  ,  ,  ,0.0,0.0,Batter,김범수,9680.0
이상민,0.0,1,0,0,0,0,0,0,0,0,0,0,0,0,0,0,0,0,0,0,  ,  ,  ,  ,  ,  ,0.0,0.0,Batter,이상민,5500.0
우규민,0.0,1,0,0,0,0,0,0,0,0,0,0,0,0,0,0,0,0,0,0,  ,  ,  ,  ,  ,  ,0.0,0.0,Batter,우규민,20000.0
홍정우,0.0,2,0,0,0,0,0,0,0,0,0,0,0,0,0,0,0,0,0,0,  ,  ,  ,  ,  ,  ,0.0,0.0,Batter,홍정우,5300.0
배제성,0.0,1,0,0,0,0,0,0,0,0,0,0,0,0,0,0,0,0,0,0,  ,  ,  ,  ,  ,  ,0.0,0.0,Batter,배제성,27000.0
서동민,0.0,1,0,0,0,0,0,0,0,0,0,0,0,0,0,0,0,0,0,0,  ,  ,  ,  ,  ,  ,0.0,0.0,Batter,,4000.0
장시환,0.0,3,0,0,0,0,0,0,0,0,0,0,0,0,0,0,0,0,0,0,  ,  ,  ,  ,  ,  ,0.0,0.0,Batter,장시환,8700.0
최민준,0.0,1,0,0,0,0,0,0,0,0,0,0,0,0,0,0,0,0,0,0,  ,  ,  ,  ,  ,  ,0.0,0.0,Batter,최민준,6500.0
진해수,0.0,1,0,0,0,0,0,0,0,0,0,0,0,0,0,0,0,0,0,0,  ,  ,  ,  ,  ,  ,0.0,0.0,Batter,진해수,30000.0
신정락,0.0,1,0,0,0,0,0,0,0,0,0,0,0,0,0,0,0,0,0,0,  ,  ,  ,  ,  ,  ,0.0,0.0,Batter,신정락,5400.0
김지용,0.0,3,0,0,0,0,0,0,0,0,0,0,0,0,0,0,0,0,0,0,  ,  ,  ,  ,  ,  ,0.0,0.0,Batter,김지용,6000.0
원종현,0.0,1,0,0,0,0,0,0,0,0,0,0,0,0,0,0,0,0,0,0,  ,  ,  ,  ,  ,  ,0.0,0.0,Batter,원종현,27000.0
윤명준,0.0,1,0,0,0,0,0,0,0,0,0,0,0,0,0,0,0,0,0,0,  ,  ,  ,  ,  ,  ,0.0,0.0,Batter,윤명준,14000.0
이용준,0.0,1,0,0,0,0,0,0,0,0,0,0,0,0,0,0,0,0,0,0,  ,  ,  ,  ,  ,  ,0.0,0.0,Batter,이용준,3000.0
홍건희,0.0,7,0,0,0,0,0,0,0,0,0,0,0,0,0,0,0,0,0,0,  ,  ,  ,  ,  ,  ,0.0,0.0,Batter,홍건희,25000.0
김재윤,0.0,1,0,0,0,0,0,0,0,0,0,0,0,0,0,0,0,0,0,0,  ,  ,  ,  ,  ,  ,0.0,0.0,Batter,김재윤,28000.0
문경찬,0.0,1,0,0,0,0,0,0,0,0,0,0,0,0,0,0,0,0,0,0,  ,  ,  ,  ,  ,  ,0.0,0.0,Batter,문경찬,9000.0
박영현,0.0,4,0,0,0,0,0,0,0,0,0,0,0,0,0,0,0,0,0,0,  ,  ,  ,  ,  ,  ,0.0,0.0,Batter,박영현,3000.0
심재민,0.0,2,0,0,0,0,0,0,0,0,0,0,0,0,0,0,0,0,0,0,  ,  ,  ,  ,  ,  ,0.0,0.0,Batter,심재민,8200.0
김강률,0.0,5,0,0,0,0,0,0,0,0,0,0,0,0,0,0,0,0,0,0,  ,  ,  ,  ,  ,  ,0.0,0.0,Batter,김강률,22500.0
박정수,0.0,1,0,0,0,0,0,0,0,0,0,0,0,0,0,0,0,0,0,0,  ,  ,  ,  ,  ,  ,0.0,0.0,Batter,박정수,5000.0
이용찬,0.0,4,0,0,0,0,0,0,0,0,0,0,0,0,0,0,0,0,0,0,  ,  ,  ,  ,  ,  ,0.0,0.0,Batter,이용찬,40000.0
최동환,0.0,4,0,0,0,0,0,0,0,0,0,0,0,0,0,0,0,0,0,0,  ,  ,  ,  ,  ,  ,0.0,0.0,Batter,최동환,6000.0
김성진,0.0,2,0,0,0,0,0,0,0,0,0,0,0,0,0,0,0,0,0,0,  ,  ,  ,  ,  ,  ,0.0,0.0,Batter,김성진,3000.0
김성진,0.0,2,0,0,0,0,0,0,0,0,0,0,0,0,0,0,0,0,0,0,  ,  ,  ,  ,  ,  ,0.0,0.0,Batter,김성진,5000.0
하영민,0.0,3,0,0,0,0,0,0,0,0,0,0,0,0,0,0,0,0,0,0,  ,  ,  ,  ,  ,  ,0.0,0.0,Batter,하영민,4000.0
송은범,0.0,2,0,0,0,0,0,0,0,0,0,0,0,0,0,0,0,0,0,0,  ,  ,  ,  ,  ,  ,0.0,0.0,Batter,,15000.0
박주혁,0.0,2,0,0,0,0,0,0,0,0,0,0,0,0,0,0,0,0,0,0,  ,  ,  ,  ,  ,  ,0.0,0.0,Batter,박주혁,3000.0
정철원,0.0,2,0,0,0,0,0,0,0,0,0,0,0,0,0,0,0,0,0,0,  ,  ,  ,  ,  ,  ,0.0,0.0,Batter,정철원,3000.0
최성훈,0.0,2,0,0,0,0,0,0,0,0,0,0,0,0,0,0,0,0,0,0,  ,  ,  ,  ,  ,  ,0.0,0.0,Batter,최성훈,10500.0
박민호,0.0,1,0,0,0,0,0,0,0,0,0,0,0,0,0,0,0,0,0,0,  ,  ,  ,  ,  ,  ,0.0,0.0,Batter,,12000.0
하준영,0.0,1,0,0,0,0,0,0,0,0,0,0,0,0,0,0,0,0,0,0,  ,  ,  ,  ,  ,  ,0.0,0.0,Batter,하준영,4000.0
김명신,0.0,3,0,0,0,0,0,0,0,0,0,0,0,0,0,0,0,0,0,0,  ,  ,  ,  ,  ,  ,0.0,0.0,Batter,김명신,10000.0
송승기,0.0,1,0,0,0,0,0,0,0,0,0,0,0,0,0,0,0,0,0,0,  ,  ,  ,  ,  ,  ,0.0,0.0,Batter,송승기,3000.0
한재승,0.0,1,0,0,0,0,0,0,0,0,0,0,0,0,0,0,0,0,0,0,  ,  ,  ,  ,  ,  ,0.0,0.0,Batter,한재승,3000.0
허준혁,0.0,1,0,0,0,0,0,0,0,0,0,0,0,0,0,0,0,0,0,0,  ,  ,  ,  ,  ,  ,0.0,0.0,Batter,허준혁,3000.0
김진호,0.0,1,0,0,0,0,0,0,0,0,0,0,0,0,0,0,0,0,0,0,  ,  ,  ,  ,  ,  ,0.0,0.0,Batter,김진호,3000.0
주현상,0.0,2,0,0,0,0,0,0,0,0,0,0,0,0,0,0,0,0,0,0,  ,  ,  ,  ,  ,  ,0.0,0.0,Batter,주현상,5080.0
윤호솔,0.0,1,0,0,0,0,0,0,0,0,0,0,0,0,0,0,0,0,0,0,  ,  ,  ,  ,  ,  ,0.0,0.0,Batter,윤호솔,6350.0
구승민,0.0,1,0,0,0,0,0,0,0,0,0,0,0,0,0,0,0,0,0,0,  ,  ,  ,  ,  ,  ,0.0,0.0,Batter,구승민,18100.0
김동주,0.0,1,0,0,0,0,0,0,0,0,0,0,0,0,0,0,0,0,0,0,  ,  ,  ,  ,  ,  ,0.0,0.0,Batter,김동주,3000.0
노운현,0.0,1,0,0,0,0,0,0,0,0,0,0,0,0,0,0,0,0,0,0,  ,  ,  ,  ,  ,  ,0.0,0.0,Batter,노운현,3000.0
박신지,0.0,1,0,0,0,0,0,0,0,0,0,0,0,0,0,0,0,0,0,0,  ,  ,  ,  ,  ,  ,0.0,0.0,Batter,박신지,3100.0
함덕주,0.0,1,0,0,0,0,0,0,0,0,0,0,0,0,0,0,0,0,0,0,  ,  ,  ,  ,  ,  ,0.0,0.0,Batter,함덕주,12000.0
김원중,0.0,1,0,0,0,0,0,0,0,0,0,0,0,0,0,0,0,0,0,0,  ,  ,  ,  ,  ,  ,0.0,0.0,Batter,김원중,28000.0
임창민,0.0,3,0,0,0,0,0,0,0,0,0,0,0,0,0,0,0,0,0,0,  ,  ,  ,  ,  ,  ,0.0,0.0,Batter,임창민,12000.0
박주성,0.0,2,0,0,0,0,0,0,0,0,0,0,0,0,0,0,0,0,0,0,  ,  ,  ,  ,  ,  ,0.0,0.0,Batter,박주성,4000.0
김태훈,0.0,1,0,0,0,0,0,0,0,0,0,0,0,0,0,0,0,0,0,0,  ,  ,  ,  ,  ,  ,0.0,0.0,Batter,김태훈,4100.0
김태훈,0.0,1,0,0,0,0,0,0,0,0,0,0,0,0,0,0,0,0,0,0,  ,  ,  ,  ,  ,  ,0.0,0.0,Batter,김태훈,19000.0
김민우,0.0,1,0,0,0,0,0,0,0,0,0,0,0,0,0,0,0,0,0,0,  ,  ,  ,  ,  ,  ,0.0,0.0,Batter,김민우,19100.0
김진성,0.0,2,0,0,0,0,0,0,0,0,0,0,0,0,0,0,0,0,0,0,  ,  ,  ,  ,  ,  ,0.0,0.0,Batter,김진성,10000.0
이상우,0.0,1,0,0,0,0,0,0,0,0,0,0,0,0,0,0,0,0,0,0,  ,  ,  ,  ,  ,  ,0.0,0.0,Batter,이상우,3000.0
김재열,0.0,1,0,0,0,0,0,0,0,0,0,0,0,0,0,0,0,0,0,0,  ,  ,  ,  ,  ,  ,0.0,0.0,Batter,김재열,3900.0
정우영,0.0,1,0,0,0,0,0,0,0,0,0,0,0,0,0,0,0,0,0,0,  ,  ,  ,  ,  ,  ,0.0,0.0,Batter,정우영,28000.0
백승현,0.0,1,0,0,0,0,0,0,0,0,0,0,0,0,0,0,0,0,0,0,  ,  ,  ,  ,  ,  ,0.0,0.0,Batter,백승현,5000.0
장원준,0.0,1,0,0,0,0,0,0,0,0,0,0,0,0,0,0,0,0,0,0,  ,  ,  ,  ,  ,  ,0.0,0.0,Batter,장원준,5000.0
주권,0.0,1,0,0,0,0,0,0,0,0,0,0,0,0,0,0,0,0,0,0,  ,  ,  ,  ,  ,  ,0.0,0.0,Batter,주권,29500.0
류진욱,0.0,1,0,0,0,0,0,0,0,0,0,0,0,0,0,0,0,0,0,0,  ,  ,  ,  ,  ,  ,0.0,0.0,Batter,류진욱,7500.0
고효준,0.0,2,0,0,0,0,0,0,0,0,0,0,0,0,0,0,0,0,0,0,  ,  ,  ,  ,  ,  ,0.0,0.0,Batter,고효준,4000.0
류희운,0.0,2,0,0,0,0,0,0,0,0,0,0,0,0,0,0,0,0,0,0,  ,  ,  ,  ,  ,  ,0.0,0.0,Batter,류희운,3300.0
이정현,0.0,1,0,0,0,0,0,0,0,0,0,0,0,0,0,0,0,0,0,0,  ,  ,  ,  ,  ,  ,0.0,0.0,Batter,이정현,3500.0
이재홍,-0.01,4,4,4,0,1,0,0,0,1,0,0,0,0,0,0,2,0,0,0, .250 , .250 , .250 , .500 , .236 , 40.7 ,-0.01,-0.06,Batter,이재홍,3000.0
박주홍,-0.01,21,57,49,4,11,1,1,0,14,3,0,0,8,0,1,18,1,0,0, .224 , .333 , .286 , .619 , .294 , 78.7 ,-0.01,-0.22,Batter,,3000.0
박정우,-0.01,2,0,0,1,0,0,0,0,0,0,0,0,0,0,0,0,0,0,0,  ,  ,  ,  ,  ,  ,-0.01,0.0,Batter,박정우,3500.0
김민성,-0.02,92,157,140,16,29,4,0,3,42,20,0,1,10,3,0,27,4,3,1, .207 , .273 , .300 , .573 , .265 , 61.8 ,-0.02,-0.07,Batter,김민성,18000.0
노수광,-0.02,117,361,315,33,72,18,6,4,114,30,17,6,32,1,1,107,2,10,3, .229 , .299 , .362 , .661 , .296 , 80.3 ,-0.02,-0.45,Batter,노수광,12840.0
고우석,-0.02,4,1,1,0,0,0,0,0,0,0,0,0,0,0,0,0,0,0,0, .000 , .000 , .000 , .000 , .000 , -124.0 ,-0.02,-0.05,Batter,고우석,27000.0
조형우,-0.02,9,13,12,2,2,1,0,0,3,1,0,0,1,0,0,3,0,0,0, .167 , .231 , .250 , .481 , .229 , 33.2 ,-0.02,-0.1,Batter,조형우,3000.0
김세민,-0.03,4,4,1,1,0,0,0,0,0,0,0,0,1,0,0,0,0,2,0, .000 , .500 , .000 , .500 , .179 , -1.5 ,-0.03,0.0,Batter,김세민,3000.0
김기연,-0.03,12,9,9,0,2,0,0,0,2,1,0,0,0,0,0,3,0,0,0, .222 , .222 , .222 , .444 , .210 , 19.1 ,-0.03,-0.06,Batter,김기연,3000.0
임석진,-0.04,10,17,14,4,1,0,0,1,4,1,0,0,2,1,0,9,1,0,0, .071 , .235 , .286 , .521 , .251 , 46.4 ,-0.04,-0.15,Batter,임석진,3000.0
최민창,-0.04,4,5,5,1,1,0,0,0,1,0,0,0,0,0,0,1,0,0,0, .200 , .200 , .200 , .400 , .189 , 4.9 ,-0.04,-0.15,Batter,최민창,3200.0
이천웅,-0.04,19,23,20,3,4,0,0,0,4,0,0,0,3,0,0,3,0,0,0, .200 , .304 , .200 , .504 , .258 , 52.1 ,-0.04,-0.01,Batter,이천웅,10000.0
이유찬,-0.04,13,31,29,3,7,0,0,1,10,2,1,1,0,0,0,12,0,1,1, .241 , .233 , .345 , .578 , .250 , 51.6 ,-0.04,-0.18,Batter,이유찬,2900.0
권민석,-0.04,16,3,3,3,0,0,0,0,0,0,0,0,0,0,0,1,0,0,0, .000 , .000 , .000 , .000 , .000 , -124.0 ,-0.04,-0.02,Batter,권민석,3300.0
박정우,-0.04,14,3,3,1,1,0,0,0,1,2,0,0,0,0,0,1,0,0,0, .333 , .333 , .333 , .667 , .314 , 91.8 ,-0.04,0.11,Batter,박정우,3500.0
이명기,-0.04,2,4,4,0,1,0,0,0,1,0,0,0,0,0,0,2,0,0,0, .250 , .250 , .250 , .500 , .236 , 40.7 ,-0.04,-0.06,Batter,이명기,17500.0
홍현빈,-0.04,61,92,76,8,18,2,0,0,20,1,4,0,10,0,0,26,1,6,0, .237 , .326 , .263 , .589 , .271 , 60.2 ,-0.04,-0.77,Batter,홍현빈,4000.0
안익훈,-0.05,14,4,3,0,0,0,0,0,0,0,0,0,1,0,0,0,0,0,0, .000 , .250 , .000 , .250 , .179 , -1.6 ,-0.05,-0.03,Batter,안익훈,5500.0
허관회,-0.05,15,25,23,3,5,2,0,0,7,1,1,0,1,0,0,7,2,1,0, .217 , .250 , .304 , .554 , .247 , 46.3 ,-0.05,0.08,Batter,,3370.0
오태양,-0.05,15,4,3,5,0,0,0,0,0,0,2,2,0,1,0,1,0,0,0, .000 , .250 , .000 , .250 , .187 , 5.4 ,-0.05,-0.16,Batter,오태양,3000.0
이재현,-0.05,75,239,230,23,54,4,0,7,79,23,0,0,5,1,0,44,6,3,0, .235 , .254 , .343 , .598 , .271 , 59.0 ,-0.05,-0.82,Batter,이재현,3000.0
김웅빈,-0.05,45,135,115,17,26,5,1,1,36,11,0,2,13,4,1,38,2,3,0, .226 , .326 , .313 , .639 , .297 , 81.5 ,-0.05,-0.84,Batter,김웅빈,7000.0
문상인,-0.06,12,3,3,2,0,0,0,0,0,0,0,0,0,0,0,2,1,0,0, .000 , .000 , .000 , .000 , .000 , -124.0 ,-0.06,-0.01,Batter,문상인,3200.0
김재호,-0.06,102,264,223,26,48,7,0,1,58,21,0,2,28,2,0,33,5,7,4, .215 , .304 , .260 , .564 , .267 , 60.6 ,-0.06,-1.91,Batter,김재호,50000.0
이상호,-0.06,60,80,72,9,18,2,0,0,20,5,1,2,4,1,0,6,1,3,0, .250 , .299 , .278 , .577 , .267 , 59.5 ,-0.06,-0.24,Batter,이상호,8500.0
신범수,-0.07,2,3,3,0,0,0,0,0,0,0,0,0,0,0,0,1,0,0,0, .000 , .000 , .000 , .000 , .000 , -124.0 ,-0.07,-0.07,Batter,신범수,3600.0
김수환,-0.07,57,168,140,18,25,6,0,4,43,14,0,0,21,3,0,56,0,3,1, .179 , .297 , .307 , .604 , .284 , 74.9 ,-0.07,-0.63,Batter,김수환,3400.0
김민수,-0.08,5,7,7,0,1,0,0,0,1,1,0,0,0,0,0,4,0,0,0, .143 , .143 , .143 , .286 , .135 , -33.7 ,-0.08,-0.02,Batter,김민수,3000.0
김민수,-0.08,5,7,7,0,1,0,0,0,1,1,0,0,0,0,0,4,0,0,0, .143 , .143 , .143 , .286 , .135 , -33.7 ,-0.08,-0.02,Batter,김민수,6200.0
김민수,-0.08,5,7,7,0,1,0,0,0,1,1,0,0,0,0,0,4,0,0,0, .143 , .143 , .143 , .286 , .135 , -33.7 ,-0.08,-0.02,Batter,김민수,5300.0
김민수,-0.08,5,7,7,0,1,0,0,0,1,1,0,0,0,0,0,4,0,0,0, .143 , .143 , .143 , .286 , .135 , -33.7 ,-0.08,-0.02,Batter,김민수,11500.0
김영웅,-0.08,12,15,15,2,2,0,0,1,5,1,0,0,0,0,0,7,0,0,0, .133 , .133 , .333 , .467 , .202 , 8.8 ,-0.08,-0.16,Batter,김영웅,3000.0
조대현,-0.09,6,4,4,0,0,0,0,0,0,0,0,0,0,0,0,3,0,0,0, .000 , .000 , .000 , .000 , .000 , -124.0 ,-0.09,-0.12,Batter,조대현,3000.0
정진기,-0.09,39,59,53,4,10,2,0,1,15,4,1,0,6,0,0,19,1,0,0, .189 , .271 , .283 , .554 , .265 , 58.2 ,-0.09,-0.59,Batter,정진기,5500.0
김수윤,-0.09,10,18,17,1,2,1,0,1,6,2,0,0,1,0,0,7,0,0,0, .118 , .167 , .353 , .520 , .229 , 31.3 ,-0.09,-0.01,Batter,김수윤,3000.0
이시원,-0.09,31,16,15,6,2,0,0,0,2,1,2,0,0,1,0,4,0,0,0, .133 , .188 , .133 , .321 , .165 , -11.5 ,-0.09,-0.05,Batter,이시원,3300.0
신민재,-0.1,14,3,3,2,0,0,0,0,0,0,2,2,0,0,0,0,0,0,0, .000 , .000 , .000 , .000 , .000 , -124.0 ,-0.1,0.01,Batter,신민재,5000.0
예진원,-0.1,20,14,10,0,1,0,0,0,1,0,0,0,3,0,0,3,0,1,0, .100 , .308 , .100 , .408 , .221 , 29.3 ,-0.1,-0.2,Batter,예진원,4000.0
김재현,-0.1,18,20,18,2,4,1,0,0,5,4,0,0,0,0,0,3,2,2,0, .222 , .222 , .278 , .500 , .207 , 18.9 ,-0.1,0.17,Batter,김재현,3000.0
김재현,-0.1,18,20,18,2,4,1,0,0,5,4,0,0,0,0,0,3,2,2,0, .222 , .222 , .278 , .500 , .207 , 18.9 ,-0.1,0.17,Batter,김재현,6500.0
장진혁,-0.1,41,132,116,11,27,2,0,2,35,17,2,1,12,0,0,28,1,1,3, .233 , .298 , .302 , .599 , .281 , 68.9 ,-0.1,-0.99,Batter,,3800.0
장두성,-0.12,53,28,23,7,4,0,0,0,4,0,4,1,5,0,0,11,0,0,0, .174 , .321 , .174 , .495 , .263 , 54.4 ,-0.12,-0.32,Batter,장두성,3500.0
장승현,-0.12,60,109,96,6,20,3,0,0,23,9,0,0,5,4,0,27,2,3,1, .208 , .274 , .240 , .513 , .244 , 43.8 ,-0.12,-0.69,Batter,장승현,7800.0
김준완,-0.13,111,398,317,43,60,10,2,1,77,28,1,1,64,8,0,71,4,6,3, .189 , .337 , .243 , .580 , .288 , 74.9 ,-0.13,-0.86,Batter,김준완,5000.0
양승혁,-0.13,11,5,5,0,0,0,0,0,0,0,1,1,0,0,0,1,0,0,0, .000 , .000 , .000 , .000 , .000 , -124.0 ,-0.13,-0.03,Batter,양승혁,3000.0
이정훈,-0.13,6,10,8,0,0,0,0,0,0,0,0,0,2,0,0,3,0,0,0, .000 , .200 , .000 , .200 , .144 , -26.1 ,-0.13,-0.22,Batter,이정훈,4000.0
이정훈,-0.13,6,10,8,0,0,0,0,0,0,0,0,0,2,0,0,3,0,0,0, .000 , .200 , .000 , .200 , .144 , -26.1 ,-0.13,-0.22,Batter,이정훈,3000.0
김재현,-0.13,56,88,82,4,17,4,0,1,24,8,0,0,2,1,0,19,3,2,1, .207 , .233 , .293 , .525 , .237 , 40.2 ,-0.13,-0.66,Batter,김재현,3000.0
김재현,-0.13,56,88,82,4,17,4,0,1,24,8,0,0,2,1,0,19,3,2,1, .207 , .233 , .293 , .525 , .237 , 40.2 ,-0.13,-0.66,Batter,김재현,6500.0
박승욱,-0.13,100,228,198,29,45,7,2,1,59,16,8,2,16,2,0,69,1,12,0, .227 , .292 , .298 , .590 , .266 , 55.6 ,-0.13,-0.61,Batter,박승욱,3000.0
한석현,-0.14,6,10,9,1,2,0,0,0,2,0,0,1,0,0,0,3,0,1,0, .222 , .222 , .222 , .444 , .189 , 4.8 ,-0.14,-0.21,Batter,한석현,3900.0
최상민,-0.14,27,18,14,3,1,0,0,0,1,1,3,1,3,0,0,4,0,1,0, .071 , .235 , .071 , .307 , .172 , -7.0 ,-0.14,0.27,Batter,최상민,3000.0
윤동희,-0.14,4,13,13,1,2,1,0,0,3,1,0,0,0,0,0,2,1,0,0, .154 , .154 , .231 , .385 , .174 , -7.5 ,-0.14,-0.25,Batter,윤동희,3000.0
공민규,-0.14,15,22,19,0,3,0,0,0,3,2,0,0,1,1,0,10,0,0,1, .158 , .227 , .158 , .385 , .195 , 10.6 ,-0.14,-0.22,Batter,공민규,4000.0
이태훈,-0.15,10,18,17,2,3,0,0,0,3,0,0,0,1,0,0,6,0,0,0, .176 , .222 , .176 , .399 , .197 , 11.3 ,-0.15,0.09,Batter,이태훈,3500.0
김시앙,-0.16,13,14,12,1,1,0,0,0,1,0,0,0,1,0,0,8,1,1,0, .083 , .154 , .083 , .237 , .119 , -41.0 ,-0.16,-0.17,Batter,,3000.0
이호연,-0.16,88,222,205,20,50,10,1,2,68,16,3,1,11,2,1,38,5,4,0, .244 , .289 , .332 , .621 , .283 , 67.7 ,-0.16,-1.79,Batter,이호연,3000.0
서호철,-0.17,89,214,195,26,40,8,0,2,54,14,3,1,12,4,0,41,6,3,0, .205 , .265 , .277 , .542 , .255 , 52.0 ,-0.17,-1.68,Batter,서호철,3000.0
이진영,-0.18,70,240,220,27,44,12,1,8,82,31,2,2,17,0,0,90,4,0,3, .200 , .254 , .373 , .627 , .283 , 71.1 ,-0.18,-1.9,Batter,,3400.0
신성현,-0.19,17,25,23,3,2,0,0,1,5,2,1,0,2,0,0,5,2,0,0, .087 , .160 , .217 , .377 , .178 , 4.4 ,-0.19,-0.21,Batter,신성현,4000.0
이흥련,-0.19,22,55,45,4,6,2,0,0,8,1,0,0,5,2,0,22,2,3,0, .133 , .250 , .178 , .428 , .209 , 18.1 ,-0.19,-0.48,Batter,이흥련,3000.0
홍성호,-0.2,12,19,18,3,3,0,0,0,3,0,0,0,1,0,0,7,1,0,0, .167 , .211 , .167 , .377 , .187 , 3.4 ,-0.2,-0.28,Batter,홍성호,3000.0
박석민,-0.2,16,58,47,3,7,2,0,0,9,2,0,0,9,1,0,8,3,1,0, .149 , .298 , .191 , .490 , .251 , 48.2 ,-0.2,-0.32,Batter,박석민,70000.0
한승택,-0.21,65,119,102,11,18,2,0,1,23,11,0,0,9,3,0,30,2,4,1, .176 , .261 , .225 , .486 , .232 , 34.7 ,-0.21,-0.82,Batter,한승택,8500.0
안주형,-0.21,18,23,20,2,3,0,0,0,3,2,0,0,1,0,0,6,0,1,1, .150 , .182 , .150 , .332 , .154 , -18.2 ,-0.21,-0.25,Batter,안주형,3300.0
박준태,-0.22,52,84,70,9,11,4,0,1,18,10,0,0,11,2,0,33,0,1,0, .157 , .289 , .257 , .546 , .267 , 61.5 ,-0.22,-0.55,Batter,박준태,5000.0
천재환,-0.23,29,36,35,4,5,1,0,1,9,1,1,0,0,1,0,11,1,0,0, .143 , .167 , .257 , .424 , .194 , 9.2 ,-0.23,-0.8,Batter,천재환,3000.0
서예일,-0.24,35,27,25,2,4,1,0,0,5,2,0,0,1,0,0,6,1,1,0, .160 , .192 , .200 , .392 , .180 , 0.6 ,-0.24,-0.2,Batter,서예일,3300.0
원혁재,-0.25,11,23,21,2,2,1,0,0,3,0,0,0,2,0,0,12,0,0,0, .095 , .174 , .143 , .317 , .161 , -13.2 ,-0.25,-0.3,Batter,원혁재,3000.0
윤정빈,-0.25,13,10,10,1,0,0,0,0,0,0,0,0,0,0,0,5,0,0,0, .000 , .000 , .000 , .000 , .000 , -124.0 ,-0.25,-0.11,Batter,윤정빈,3000.0
김규성,-0.25,70,52,50,14,9,0,1,1,14,4,0,0,1,0,0,12,0,1,0, .180 , .196 , .280 , .476 , .213 , 22.3 ,-0.25,-0.58,Batter,,4300.0
정훈,-0.25,91,340,294,39,72,8,0,3,89,32,4,1,32,2,0,66,6,6,6, .245 , .317 , .303 , .620 , .290 , 73.4 ,-0.25,-0.68,Batter,정훈,55000.0
김태훈,-0.26,7,10,10,0,0,0,0,0,0,0,0,0,0,0,0,2,0,0,0, .000 , .000 , .000 , .000 , .000 , -124.0 ,-0.26,-0.27,Batter,김태훈,4100.0
김태훈,-0.26,7,10,10,0,0,0,0,0,0,0,0,0,0,0,0,2,0,0,0, .000 , .000 , .000 , .000 , .000 , -124.0 ,-0.26,-0.27,Batter,김태훈,19000.0
이성규,-0.26,13,34,27,5,2,0,0,0,2,1,0,0,5,2,0,8,1,0,0, .074 , .265 , .074 , .339 , .205 , 17.8 ,-0.26,-0.14,Batter,이성규,5000.0
강진성,-0.26,40,94,80,7,13,2,0,1,18,8,4,0,11,2,1,20,2,1,0, .163 , .280 , .225 , .505 , .245 , 46.2 ,-0.26,-0.49,Batter,강진성,13000.0
강진성,-0.26,40,94,80,7,13,2,0,1,18,8,4,0,11,2,1,20,2,1,0, .163 , .280 , .225 , .505 , .245 , 46.2 ,-0.26,-0.49,Batter,강진성,13000.0
김호재,-0.28,21,29,28,1,4,1,0,0,5,1,0,0,1,0,0,9,1,0,0, .143 , .172 , .179 , .351 , .168 , -8.6 ,-0.28,-0.43,Batter,김호재,7000.0
이원석,-0.29,20,39,35,4,4,0,0,1,7,1,0,0,3,0,0,18,1,1,0, .114 , .184 , .200 , .384 , .181 , 0.4 ,-0.29,-0.52,Batter,이원석,30000.0
이주형,-0.29,32,85,71,7,12,0,0,1,15,8,0,0,10,3,0,27,0,0,1, .169 , .294 , .211 , .505 , .257 , 55.7 ,-0.29,-0.39,Batter,이주형,3000.0
이주형,-0.29,32,85,71,7,12,0,0,1,15,8,0,0,10,3,0,27,0,0,1, .169 , .294 , .211 , .505 , .257 , 55.7 ,-0.29,-0.39,Batter,이주형,3000.0
이주형,-0.29,32,85,71,7,12,0,0,1,15,8,0,0,10,3,0,27,0,0,1, .169 , .294 , .211 , .505 , .257 , 55.7 ,-0.29,-0.39,Batter,이주형,3000.0
이병규,-0.3,24,40,38,7,7,1,1,0,10,5,1,0,2,0,0,11,0,0,0, .184 , .225 , .263 , .488 , .228 , 32.1 ,-0.3,-0.21,Batter,이병규,3000.0
이성곤,-0.31,41,117,99,6,19,5,0,0,24,5,1,1,17,0,0,32,0,0,1, .192 , .308 , .242 , .550 , .273 , 64.0 ,-0.31,-0.47,Batter,이성곤,6400.0
전병우,-0.31,115,231,197,14,40,7,0,5,62,21,0,0,17,7,0,68,5,9,1, .203 , .288 , .315 , .603 , .275 , 68.2 ,-0.31,-0.01,Batter,전병우,7000.0
최항,-0.31,15,24,20,0,2,0,0,0,2,1,0,0,2,1,0,7,0,0,1, .100 , .208 , .100 , .308 , .170 , -8.9 ,-0.31,-0.24,Batter,최항,4000.0
정민규,-0.31,9,24,23,3,3,0,0,0,3,0,0,0,0,1,0,11,0,0,0, .130 , .167 , .130 , .297 , .149 , -21.7 ,-0.31,-0.14,Batter,정민규,3100.0
김병희,-0.31,41,85,74,8,15,2,0,1,20,6,0,3,7,3,0,26,2,0,1, .203 , .294 , .270 , .564 , .274 , 63.0 ,-0.31,-0.37,Batter,김병희,4700.0
도태훈,-0.34,90,163,139,18,30,7,0,2,43,13,0,0,13,1,0,23,5,7,3, .216 , .282 , .309 , .591 , .265 , 58.6 ,-0.34,-1.8,Batter,도태훈,4000.0
송준석,-0.36,17,32,29,3,4,0,0,0,4,1,0,0,1,1,0,5,1,1,0, .138 , .194 , .138 , .332 , .164 , -11.5 ,-0.36,-0.56,Batter,송준석,4700.0
최정용,-0.37,30,23,22,5,2,0,0,0,2,0,0,0,0,0,0,6,0,1,0, .091 , .091 , .091 , .182 , .082 , -67.7 ,-0.37,-0.37,Batter,최정용,3800.0
윤형준,-0.38,35,69,67,5,14,1,0,1,18,5,1,0,1,1,0,21,1,0,0, .209 , .232 , .269 , .501 , .234 , 38.4 ,-0.38,-0.7,Batter,윤형준,4000.0
김한별,-0.38,24,23,21,0,2,0,0,0,2,0,0,1,0,0,0,6,0,2,0, .095 , .095 , .095 , .191 , .082 , -66.8 ,-0.38,-0.39,Batter,김한별,3000.0
이해승,-0.38,46,106,99,11,23,3,0,0,26,5,0,0,1,0,0,29,1,6,0, .232 , .240 , .263 , .503 , .222 , 28.3 ,-0.38,-0.34,Batter,이해승,3000.0
김석환,-0.39,51,107,94,15,14,2,0,3,25,7,0,0,10,3,0,32,1,0,0, .149 , .252 , .266 , .518 , .250 , 47.0 ,-0.39,-1.07,Batter,,3100.0
이학주,-0.4,91,260,232,29,48,11,1,3,70,15,2,4,16,2,0,54,3,9,1, .207 , .263 , .302 , .565 , .256 , 49.3 ,-0.4,-1.92,Batter,이학주,7000.0
이용규,-0.41,86,326,271,34,54,6,0,0,60,21,12,2,45,7,0,42,7,1,2, .199 , .326 , .221 , .548 , .278 , 67.7 ,-0.41,0.64,Batter,이용규,40000.0
신본기,-0.47,74,138,121,9,22,3,0,1,28,8,0,1,10,2,0,28,5,4,1, .182 , .254 , .231 , .485 , .230 , 32.6 ,-0.47,-1.75,Batter,신본기,11500.0
김동엽,-0.48,30,100,95,9,21,5,0,2,32,4,0,3,4,0,0,22,1,0,1, .221 , .250 , .337 , .587 , .268 , 58.4 ,-0.48,-0.41,Batter,김동엽,15000.0
한태양,-0.49,38,72,61,14,9,1,0,0,10,3,1,0,5,2,0,24,1,4,0, .148 , .235 , .164 , .399 , .194 , 7.2 ,-0.49,-0.19,Batter,한태양,3000.0
강태율,-0.52,19,38,32,0,3,1,0,0,4,3,0,0,2,1,0,9,2,3,0, .094 , .171 , .125 , .296 , .142 , -28.1 ,-0.52,-0.48,Batter,강태율,3300.0
송민섭,-0.53,119,72,64,17,10,1,2,0,15,3,0,2,5,0,0,19,0,3,0, .156 , .217 , .234 , .452 , .206 , 17.1 ,-0.53,-0.59,Batter,송민섭,8100.0
김성현,-0.58,130,359,302,38,66,9,1,2,83,37,3,3,31,3,0,36,13,20,3, .219 , .295 , .275 , .570 , .259 , 53.9 ,-0.58,-0.25,Batter,김성현,20000.0
이도윤,-0.69,80,126,113,9,18,7,0,1,28,8,3,2,8,0,0,30,1,4,1, .159 , .213 , .248 , .461 , .210 , 20.5 ,-0.69,-1.37,Batter,이도윤,3400.0
박대온,-0.75,59,133,127,8,23,4,0,1,30,10,0,0,0,2,0,37,4,3,1, .181 , .192 , .236 , .429 , .194 , 10.5 ,-0.75,-1.69,Batter,박대온,4000.0
조세진,-0.76,39,88,86,6,16,3,0,0,19,6,0,1,1,0,0,25,4,1,0, .186 , .195 , .221 , .416 , .192 , 5.7 ,-0.76,-0.64,Batter,조세진,3000.0
유로결,-0.82,30,68,60,5,8,0,0,0,8,4,0,0,4,1,0,9,1,3,0, .133 , .200 , .133 , .333 , .164 , -11.4 ,-0.82,-1.05,Batter,유로결,3300.0
정보근,-0.91,95,226,199,8,38,2,0,1,43,15,1,0,14,2,0,55,4,10,1, .191 , .250 , .216 , .466 , .218 , 24.1 ,-0.91,-1.78,Batter,정보근,3400.0
박경수,-1.01,100,194,166,13,20,3,0,3,32,10,0,0,24,1,0,70,3,2,1, .120 , .234 , .193 , .427 , .213 , 21.9 ,-1.01,-2.16,Batter,박경수,29000.0
김헌곤,-1.58,80,239,224,18,43,8,0,1,54,20,3,1,9,1,0,22,10,2,3, .192 , .224 , .241 , .465 , .217 , 24.6 ,-1.58,-2.24,Batter,김헌곤,18000.0
