이름,WAR,출장,완투,완봉,선발,승,패,세이브,홀드,이닝,실점,자책,타자,피안타,피2타,피3타,피홈런,볼넷,고4,사구,삼진,보크,폭투,ERA,FIP,WHIP,ERA+,FIP+,WPA,Position,Player,Salary
페디,7.31,30,0,0,30,20,6,0,0,180.1,46,40,708,137,16,0,9,35,0,4,209,0,5, 2.00 , 2.42 , 0.95 , 208.6 , 174.2 ,4.53,Pitcher,페디,3000.0
고영표,6.15,28,0,0,27,12,7,0,0,174.2,57,54,706,181,27,5,7,19,1,9,114,0,6, 2.78 , 3.12 , 1.15 , 151.8 , 133.7 ,3.34,Pitcher,고영표,30000.0
후라도,6.04,30,0,0,30,11,8,0,0,183.2,64,54,763,164,19,0,7,41,0,9,147,0,5, 2.65 , 3.15 , 1.12 , 155.2 , 129.1 ,3.2,Pitcher,후라도,3000.0
알칸타라,5.53,31,0,0,31,13,8,0,0,192.0,67,57,777,171,33,0,16,35,1,5,162,0,3, 2.67 , 3.45 , 1.07 , 152.5 , 116.2 ,2.85,Pitcher,알칸타라,45000.0
안우진,5.22,24,0,0,24,9,7,0,0,150.2,44,40,608,121,25,1,5,38,1,1,164,0,8, 2.39 , 2.45 , 1.06 , 171.9 , 164.8 ,3.46,Pitcher,안우진,15000.0
뷰캐넌,5.12,30,1,0,30,12,8,0,0,188.0,71,53,784,174,26,2,4,43,1,6,139,1,7, 2.54 , 3.01 , 1.15 , 166.9 , 138.1 ,2.12,Pitcher,뷰캐넌,110000.0
곽빈,4.19,23,0,0,23,12,7,0,0,127.1,44,41,526,96,18,1,7,58,0,5,106,1,4, 2.90 , 3.98 , 1.21 , 140.6 , 102.2 ,2.46,Pitcher,곽빈,6500.0
쿠에바스,4.09,18,0,0,18,12,0,0,0,114.1,33,33,460,95,10,2,4,24,1,2,100,0,5, 2.60 , 2.80 , 1.04 , 162.6 , 149.5 ,2.49,Pitcher,,80000.0
플럿코,3.87,21,0,0,21,11,3,0,0,123.1,37,33,510,115,21,3,5,31,1,3,101,0,2, 2.41 , 3.13 , 1.18 , 169.5 , 131.0 ,1.61,Pitcher,플럿코,50000.0
서진용,3.64,69,0,0,0,5,4,40,0,72.2,22,20,322,62,5,0,3,48,5,4,63,0,5, 2.48 , 4.19 , 1.51 , 169.0 , 100.3 ,2.73,Pitcher,서진용,18500.0
반즈,3.62,30,0,0,30,11,10,0,0,170.1,68,62,734,171,34,1,6,56,1,15,147,0,7, 3.28 , 3.41 , 1.33 , 127.0 , 121.3 ,1.54,Pitcher,반즈,46538.0
페냐,3.54,32,0,0,32,11,11,0,0,177.1,82,71,751,149,28,5,14,59,1,18,147,4,16, 3.60 , 4.10 , 1.17 , 115.2 , 101.3 ,-0.27,Pitcher,페냐,40000.0
원태인,3.49,26,0,0,26,7,7,0,0,150.0,61,53,633,156,26,1,15,34,2,6,102,2,6, 3.18 , 4.14 , 1.27 , 133.2 , 101.5 ,0.67,Pitcher,원태인,30000.0
김광현,3.32,30,0,0,30,9,8,0,0,168.1,75,66,713,163,30,0,11,70,0,2,119,0,5, 3.53 , 4.16 , 1.38 , 118.6 , 101.3 ,0.92,Pitcher,김광현,810000.0
박세웅,3.13,27,0,0,27,9,7,0,0,154.0,70,59,657,145,24,0,8,59,1,4,129,0,10, 3.45 , 3.65 , 1.33 , 120.7 , 112.8 ,0.84,Pitcher,박세웅,3300.0
박세웅,3.13,27,0,0,27,9,7,0,0,154.0,70,59,657,145,24,0,8,59,1,4,129,0,10, 3.45 , 3.65 , 1.33 , 120.7 , 112.8 ,0.84,Pitcher,박세웅,26000.0
김진성,2.97,80,0,0,0,5,1,4,21,70.1,17,17,270,41,5,1,8,26,0,0,69,0,0, 2.18 , 4.07 , 0.95 , 187.6 , 99.4 ,1.81,Pitcher,김진성,10000.0
김재윤,2.86,59,0,0,0,5,5,32,0,65.2,21,19,262,54,5,2,2,13,5,1,60,0,3, 2.60 , 2.42 , 1.02 , 162.2 , 173.7 ,2.31,Pitcher,김재윤,28000.0
양현종,2.81,29,0,0,29,9,11,0,0,171.0,78,67,729,180,32,1,13,48,1,1,133,0,5, 3.53 , 3.72 , 1.33 , 117.2 , 110.4 ,-0.03,Pitcher,양현종,100000.0
박영현,2.75,68,0,0,0,3,3,4,32,75.1,25,23,308,63,11,2,3,23,4,2,79,2,1, 2.75 , 2.70 , 1.14 , 153.7 , 155.9 ,1.8,Pitcher,박영현,3000.0
엘리아스,2.65,22,0,0,21,7,6,0,0,131.1,58,55,548,140,22,1,12,33,1,6,93,0,0, 3.77 , 4.08 , 1.32 , 111.0 , 104.0 ,1.25,Pitcher,,73256.0
함덕주,2.64,57,0,0,0,4,0,4,16,55.2,12,10,222,32,9,1,1,22,1,2,59,0,0, 1.62 , 2.80 , 0.97 , 252.5 , 148.0 ,2.27,Pitcher,함덕주,12000.0
류진욱,2.62,70,0,0,0,1,4,0,22,67.0,19,16,268,41,2,2,1,32,1,1,62,0,5, 2.15 , 3.22 , 1.09 , 193.8 , 130.3 ,1.13,Pitcher,류진욱,7500.0
주현상,2.59,55,0,0,0,2,2,0,12,59.2,13,13,228,35,6,1,2,15,1,3,45,0,0, 1.96 , 3.22 , 0.84 , 211.7 , 128.5 ,1.41,Pitcher,주현상,5080.0
문동주,2.52,23,0,0,23,8,8,0,0,118.2,52,49,503,113,20,2,6,42,0,4,95,1,5, 3.72 , 3.66 , 1.31 , 111.7 , 113.2 ,-0.08,Pitcher,문동주,3000.0
엄상백,2.45,20,0,0,19,7,6,0,0,111.2,46,45,454,100,16,4,6,29,0,2,89,0,1, 3.63 , 3.38 , 1.16 , 116.4 , 123.6 ,0.86,Pitcher,엄상백,8000.0
벤자민,2.4,29,0,0,29,15,6,0,0,160.0,79,63,684,149,23,1,12,45,1,3,157,0,11, 3.54 , 3.34 , 1.21 , 119.2 , 125.5 ,0.37,Pitcher,벤자민,23100.0
임찬규,2.38,30,0,0,26,14,3,0,1,144.2,63,55,632,142,22,2,10,54,1,5,103,1,1, 3.42 , 4.12 , 1.36 , 119.3 , 99.1 ,1.01,Pitcher,임찬규,20000.0
노경은,2.36,76,0,0,0,8,5,2,29,83.0,33,33,357,78,13,2,4,36,5,4,65,0,8, 3.58 , 3.77 , 1.37 , 117.0 , 111.8 ,1.75,Pitcher,노경은,10000.0
맥카티,2.32,24,0,0,24,9,5,0,0,130.0,58,49,543,124,19,2,10,45,0,1,116,1,4, 3.39 , 3.72 , 1.30 , 123.4 , 114.0 ,0.59,Pitcher,,3000.0
백정현,2.23,18,0,0,18,7,5,0,0,100.2,44,41,419,100,19,2,6,30,2,0,61,1,5, 3.67 , 3.84 , 1.29 , 115.5 , 108.9 ,0.6,Pitcher,백정현,80000.0
임기영,2.2,64,0,0,0,4,4,3,16,82.0,29,27,324,56,8,3,6,19,1,6,57,0,1, 2.96 , 3.88 , 0.92 , 139.4 , 105.7 ,0.38,Pitcher,임기영,14000.0
최지민,2.18,58,0,0,0,6,3,3,12,59.1,17,14,244,45,4,2,4,26,1,4,44,0,5, 2.12 , 4.30 , 1.20 , 194.5 , 95.6 ,0.25,Pitcher,최지민,3000.0
윌커슨,2.17,13,0,0,13,7,2,0,0,79.2,28,20,327,67,15,2,3,20,0,2,81,1,3, 2.26 , 2.73 , 1.09 , 184.1 , 151.4 ,1.51,Pitcher,,86451.0
백승현,2.07,42,0,0,0,2,0,3,11,40.0,7,7,162,28,4,0,2,18,1,0,30,0,1, 1.58 , 3.87 , 1.15 , 259.1 , 106.0 ,1.9,Pitcher,백승현,5000.0
최원태,2.04,26,0,0,26,9,7,0,0,146.2,73,70,632,149,17,1,12,46,2,7,118,0,6, 4.30 , 3.94 , 1.33 , 95.3 , 103.0 ,0.84,Pitcher,최원태,31000.0
이태양,2.01,50,0,0,12,3,3,0,2,100.1,44,36,422,100,25,6,7,20,2,4,72,0,1, 3.23 , 3.57 , 1.20 , 128.6 , 116.1 ,0.65,Pitcher,이태양,12000.0
전상현,1.98,64,0,0,0,8,3,1,13,58.2,20,14,250,50,8,0,1,26,4,1,50,0,3, 2.15 , 3.14 , 1.30 , 192.4 , 131.3 ,1.8,Pitcher,전상현,11000.0
켈리,1.97,30,0,0,30,10,7,0,0,178.2,87,76,746,183,31,3,10,39,1,6,129,0,6, 3.83 , 3.47 , 1.24 , 106.6 , 118.0 ,0.35,Pitcher,켈리,90000.0
김원중,1.96,63,0,0,0,5,6,30,0,63.2,24,21,265,51,5,3,2,25,3,5,82,0,3, 2.97 , 2.55 , 1.19 , 140.1 , 162.2 ,-0.21,Pitcher,김원중,28000.0
임창민,1.9,51,0,0,0,2,2,26,1,46.2,16,13,209,51,6,0,3,17,3,2,40,0,0, 2.51 , 3.59 , 1.46 , 163.8 , 113.1 ,0.55,Pitcher,임창민,12000.0
손동현,1.84,64,0,0,0,8,5,1,15,73.2,31,28,301,68,11,0,5,20,1,2,40,0,2, 3.42 , 4.09 , 1.20 , 123.4 , 101.6 ,1.11,Pitcher,손동현,3000.0
김영규,1.83,63,0,0,0,2,4,0,24,61.2,22,21,247,45,6,5,2,23,1,1,48,2,5, 3.06 , 3.43 , 1.10 , 135.9 , 122.4 ,1.08,Pitcher,김영규,9500.0
오승환,1.82,58,0,0,1,4,5,30,2,62.2,26,24,264,57,11,1,9,15,1,2,44,0,0, 3.45 , 4.67 , 1.15 , 122.9 , 90.5 ,0.63,Pitcher,오승환,160000.0
나균안,1.76,23,0,0,23,6,8,0,0,130.1,61,55,569,140,27,3,8,42,1,5,114,0,6, 3.80 , 3.55 , 1.40 , 109.5 , 115.7 ,0.46,Pitcher,나균안,5800.0
정해영,1.76,52,0,0,0,3,4,23,1,49.1,18,16,218,53,9,1,3,20,3,1,30,0,0, 2.92 , 4.11 , 1.48 , 141.5 , 99.9 ,0.7,Pitcher,정해영,17000.0
이의리,1.75,28,0,0,28,11,7,0,0,131.2,64,58,598,103,18,0,4,93,1,8,156,0,10, 3.96 , 3.75 , 1.49 , 104.2 , 110.4 ,0.05,Pitcher,이의리,9000.0
김명신,1.59,70,0,0,0,3,3,1,24,79.0,34,32,334,72,18,0,3,27,3,6,65,0,3, 3.65 , 3.43 , 1.25 , 111.7 , 119.3 ,1.62,Pitcher,김명신,10000.0
최승용,1.57,34,0,0,20,3,6,1,0,111.0,54,49,479,116,11,1,9,34,0,4,82,0,3, 3.97 , 4.05 , 1.35 , 102.5 , 99.5 ,0.44,Pitcher,최승용,3500.0
최준용,1.56,47,0,0,0,2,3,0,14,47.2,15,13,210,50,6,0,2,18,1,1,40,0,1, 2.45 , 3.44 , 1.43 , 169.5 , 119.7 ,-0.22,Pitcher,최준용,10700.0
구창모,1.56,11,0,0,9,1,3,0,0,51.2,19,17,205,38,3,0,4,16,0,0,56,0,0, 2.96 , 3.21 , 1.05 , 140.6 , 131.7 ,1.05,Pitcher,구창모,19000.0
유영찬,1.55,67,0,0,0,6,3,1,12,68.0,27,26,305,55,14,1,4,40,2,7,55,0,8, 3.44 , 4.58 , 1.40 , 118.6 , 89.5 ,-0.12,Pitcher,유영찬,3000.0
윤영철,1.49,25,0,0,24,8,7,0,0,122.2,59,55,528,124,27,3,10,48,1,1,74,1,4, 4.04 , 4.47 , 1.40 , 102.4 , 92.0 ,0.63,Pitcher,윤영철,3000.0
태너,1.48,11,0,0,11,5,2,0,0,64.2,26,21,265,58,8,0,6,13,0,1,47,0,0, 2.92 , 3.84 , 1.10 , 142.5 , 109.6 ,0.55,Pitcher,,30000.0
수아레즈,1.47,19,0,0,19,4,7,0,0,108.0,54,47,479,129,19,1,3,32,0,2,88,0,6, 3.92 , 3.12 , 1.49 , 108.1 , 133.1 ,0.51,Pitcher,수아레즈,70000.0
김동주,1.29,18,0,0,17,3,6,0,0,78.1,37,36,334,73,14,4,5,35,0,4,59,1,4, 4.14 , 4.26 , 1.38 , 98.5 , 95.2 ,0.25,Pitcher,김동주,3000.0
신민혁,1.22,29,0,0,24,5,5,0,0,122.0,63,54,518,122,27,2,14,25,0,6,97,0,3, 3.98 , 4.11 , 1.21 , 104.5 , 102.8 ,-0.36,Pitcher,신민혁,12000.0
김상수,1.21,66,0,0,0,4,2,1,18,52.0,22,18,218,45,7,1,1,21,0,3,36,0,1, 3.12 , 3.69 , 1.27 , 133.5 , 112.4 ,0.6,Pitcher,김상수,25000.0
김상수,1.21,66,0,0,0,4,2,1,18,52.0,22,18,218,45,7,1,1,21,0,3,36,0,1, 3.12 , 3.69 , 1.27 , 133.5 , 112.4 ,0.6,Pitcher,김상수,30000.0
이용찬,1.18,60,0,0,0,4,4,29,0,61.0,28,28,254,53,6,1,5,19,1,3,51,0,4, 4.13 , 3.87 , 1.18 , 100.8 , 108.9 ,1.31,Pitcher,이용찬,40000.0
홍건희,1.18,64,0,0,0,1,5,22,5,61.2,28,21,277,67,10,3,4,24,3,0,62,0,8, 3.06 , 3.30 , 1.48 , 132.9 , 122.7 ,-1.08,Pitcher,홍건희,25000.0
박치국,1.16,62,0,0,0,5,3,2,11,52.2,22,21,236,54,9,2,3,21,1,5,48,0,2, 3.59 , 3.78 , 1.42 , 113.5 , 107.3 ,0.0,Pitcher,박치국,14500.0
정철원,1.14,67,0,0,0,7,6,13,11,72.2,36,32,315,66,6,0,8,32,2,2,55,1,6, 3.96 , 4.68 , 1.35 , 102.8 , 85.6 ,0.2,Pitcher,정철원,3000.0
김성진,1.11,55,0,0,0,3,3,0,7,47.0,19,19,208,44,7,0,5,25,2,1,38,0,0, 3.64 , 4.74 , 1.47 , 112.9 , 85.4 ,-0.47,Pitcher,김성진,3000.0
김성진,1.11,55,0,0,0,3,3,0,7,47.0,19,19,208,44,7,0,5,25,2,1,38,0,0, 3.64 , 4.74 , 1.47 , 112.9 , 85.4 ,-0.47,Pitcher,김성진,5000.0
윤대경,1.11,47,0,0,0,5,1,0,2,47.2,18,13,199,36,9,1,4,19,0,6,28,0,2, 2.45 , 4.93 , 1.15 , 169.2 , 84.2 ,0.58,Pitcher,윤대경,9730.0
배제성,1.04,26,0,0,24,8,10,0,0,130.1,72,65,596,144,20,1,6,77,0,2,79,1,9, 4.49 , 4.65 , 1.70 , 94.1 , 89.7 ,-0.97,Pitcher,배제성,27000.0
이승현,1.03,60,0,0,0,4,3,0,14,60.0,29,24,264,68,12,1,5,15,1,0,42,0,2, 3.60 , 3.83 , 1.38 , 117.6 , 109.8 ,-0.04,Pitcher,이승현,10000.0
이승현,1.03,60,0,0,0,4,3,0,14,60.0,29,24,264,68,12,1,5,15,1,0,42,0,2, 3.60 , 3.83 , 1.38 , 117.6 , 109.8 ,-0.04,Pitcher,이승현,5500.0
한승주,1.03,47,0,0,6,1,4,0,2,70.2,34,31,320,81,16,2,6,31,2,4,55,0,5, 3.95 , 4.39 , 1.59 , 105.2 , 94.5 ,-0.76,Pitcher,한승주,3000.0
김윤식,1.01,17,0,0,16,6,4,0,0,74.2,35,35,320,86,13,2,4,25,0,3,42,0,4, 4.22 , 4.14 , 1.49 , 96.7 , 98.9 ,0.4,Pitcher,김윤식,7000.0
김재웅,1.0,67,0,0,0,2,3,6,18,59.2,29,28,250,56,11,0,2,24,1,0,46,0,0, 4.22 , 3.49 , 1.34 , 97.2 , 116.9 ,1.35,Pitcher,김재웅,10400.0
장시환,1.0,39,0,0,0,2,2,1,7,34.2,13,13,153,32,4,0,1,21,1,4,24,0,3, 3.38 , 4.51 , 1.53 , 123.0 , 92.0 ,-0.81,Pitcher,장시환,8700.0
고우석,0.99,44,0,0,0,3,8,15,0,44.0,19,18,190,38,6,0,2,22,1,4,59,0,5, 3.68 , 3.06 , 1.36 , 110.9 , 134.3 ,-0.75,Pitcher,고우석,27000.0
이준영,0.97,64,0,0,0,1,0,0,10,33.2,12,12,149,26,3,1,0,23,2,2,30,0,1, 3.21 , 3.71 , 1.46 , 128.8 , 111.6 ,-0.02,Pitcher,이준영,6700.0
최민준,0.96,53,0,0,0,5,3,1,7,60.0,29,28,262,75,10,2,7,19,1,1,37,0,2, 4.20 , 4.68 , 1.57 , 99.6 , 90.9 ,-0.59,Pitcher,최민준,6500.0
이건욱,0.93,27,0,0,1,1,0,0,0,38.2,13,10,169,31,7,0,0,25,2,2,31,0,2, 2.33 , 3.78 , 1.45 , 179.8 , 110.1 ,-0.09,Pitcher,이건욱,3200.0
구승민,0.87,67,0,0,0,2,6,3,22,63.2,32,28,289,65,8,0,4,29,0,5,66,0,2, 3.96 , 3.79 , 1.48 , 105.1 , 108.6 ,-0.45,Pitcher,구승민,18100.0
파노니,0.85,16,0,0,15,6,3,0,0,82.1,41,39,351,86,14,1,6,23,0,2,66,0,0, 4.26 , 3.70 , 1.32 , 96.9 , 111.0 ,0.04,Pitcher,,30000.0
이정용,0.82,37,0,0,13,7,2,3,1,86.2,45,40,382,100,20,1,5,19,0,2,50,0,3, 4.15 , 3.77 , 1.37 , 98.3 , 108.5 ,-0.67,Pitcher,이정용,5000.0
스트레일리,0.81,16,0,0,16,3,5,0,0,80.1,43,39,364,82,8,1,6,37,0,10,70,0,4, 4.37 , 4.43 , 1.48 , 95.2 , 92.8 ,-0.27,Pitcher,스트레일리,90000.0
심재민,0.81,33,0,0,6,3,1,0,6,47.2,23,20,218,57,6,0,2,18,1,1,29,0,1, 3.78 , 3.90 , 1.57 , 110.3 , 105.6 ,0.11,Pitcher,심재민,8200.0
이우찬,0.8,38,0,0,0,1,3,0,5,38.1,15,15,157,35,4,0,1,18,0,2,30,1,2, 3.52 , 3.78 , 1.38 , 115.9 , 109.0 ,0.35,Pitcher,이우찬,5000.0
김범수,0.77,76,0,0,0,5,5,1,18,62.1,33,29,283,64,10,0,3,33,5,3,52,0,4, 4.19 , 3.89 , 1.56 , 99.2 , 106.5 ,-0.32,Pitcher,김범수,9680.0
이재익,0.77,51,0,0,0,1,3,0,11,41.0,19,18,181,46,5,1,3,17,3,0,26,0,3, 3.95 , 4.15 , 1.54 , 107.2 , 101.3 ,-0.71,Pitcher,이재익,3700.0
주권,0.75,42,0,0,3,1,2,0,5,47.0,23,23,205,49,7,1,4,19,2,2,17,0,0, 4.40 , 5.04 , 1.45 , 95.9 , 82.4 ,-0.47,Pitcher,주권,29500.0
최동환,0.74,45,0,0,0,0,0,1,1,42.1,18,15,189,42,11,0,1,17,2,3,20,0,0, 3.19 , 4.08 , 1.39 , 128.0 , 101.1 ,0.18,Pitcher,최동환,6000.0
이상동,0.72,36,0,0,0,4,1,0,1,40.2,19,18,179,45,10,0,4,15,2,0,43,0,1, 3.98 , 3.57 , 1.48 , 106.0 , 117.5 ,0.43,Pitcher,,3200.0
최성영,0.68,18,0,0,13,5,4,0,0,66.2,37,36,303,77,15,2,6,32,0,5,38,0,1, 4.86 , 5.14 , 1.64 , 85.7 , 81.8 ,-0.73,Pitcher,최성영,7200.0
이재학,0.68,15,0,0,13,5,5,0,0,67.1,36,34,293,55,5,2,6,33,0,5,43,0,7, 4.54 , 5.02 , 1.31 , 91.6 , 83.8 ,-0.23,Pitcher,이재학,18000.0
정찬헌,0.68,14,1,0,14,2,8,0,0,72.0,40,38,295,71,12,3,4,13,1,2,35,0,0, 4.75 , 3.78 , 1.17 , 86.5 , 108.1 ,-0.15,Pitcher,정찬헌,28000.0
최원준,0.65,26,0,0,20,3,10,0,0,107.2,60,59,465,119,33,1,11,28,0,12,71,0,1, 4.93 , 4.57 , 1.37 , 82.6 , 87.8 ,-0.31,Pitcher,최원준,34000.0
최원준,0.65,26,0,0,20,3,10,0,0,107.2,60,59,465,119,33,1,11,28,0,12,71,0,1, 4.93 , 4.57 , 1.37 , 82.6 , 87.8 ,-0.31,Pitcher,최원준,3000.0
앤더슨,0.64,14,0,0,14,4,7,0,0,79.0,42,33,336,76,12,3,6,26,0,2,64,0,10, 3.76 , 3.87 , 1.29 , 109.9 , 106.0 ,-0.03,Pitcher,앤더슨,3000.0
김진호,0.6,19,0,0,0,2,1,0,9,16.1,5,5,73,15,2,0,0,10,0,1,22,0,3, 2.76 , 2.77 , 1.53 , 151.2 , 151.7 ,0.27,Pitcher,김진호,3000.0
하준영,0.59,57,0,0,0,1,0,0,2,49.0,25,25,215,52,6,1,4,19,1,2,49,0,0, 4.59 , 3.73 , 1.45 , 90.7 , 113.2 ,-1.15,Pitcher,하준영,4000.0
김규연,0.54,23,0,0,0,0,1,1,0,19.2,7,6,85,16,2,1,0,10,0,2,20,0,2, 2.75 , 3.24 , 1.32 , 151.2 , 127.9 ,0.02,Pitcher,김규연,3000.0
이호성,0.53,5,0,0,2,1,0,0,0,17.0,5,5,71,11,4,1,1,10,0,0,11,0,1, 2.65 , 4.68 , 1.24 , 160.0 , 89.0 ,0.13,Pitcher,이호성,3000.0
장현식,0.52,56,0,0,0,2,2,3,5,51.0,26,23,226,58,8,0,6,26,1,1,44,0,1, 4.06 , 4.78 , 1.65 , 101.8 , 85.7 ,-0.62,Pitcher,장현식,20000.0
김대우,0.5,44,0,0,5,0,2,0,4,64.0,37,32,277,66,9,1,7,22,1,3,49,0,1, 4.50 , 4.46 , 1.38 , 94.1 , 94.3 ,-1.38,Pitcher,김대우,12000.0
요키시,0.47,12,0,0,12,5,3,0,0,65.2,37,32,286,82,14,1,3,14,1,3,51,0,1, 4.39 , 3.21 , 1.46 , 93.6 , 126.6 ,-0.13,Pitcher,요키시,90000.0
조민석,0.44,35,0,0,0,1,0,0,4,31.0,15,14,137,33,9,0,2,14,0,3,28,0,1, 4.06 , 4.12 , 1.52 , 102.5 , 102.0 ,0.1,Pitcher,조민석,3000.0
고효준,0.44,73,0,0,0,4,1,0,13,58.0,32,29,262,49,3,0,3,42,0,3,66,0,4, 4.50 , 4.17 , 1.57 , 93.0 , 101.1 ,0.08,Pitcher,고효준,4000.0
신정락,0.43,34,0,0,0,4,0,0,1,29.0,15,15,128,32,6,0,4,11,3,3,28,0,0, 4.66 , 4.44 , 1.48 , 89.4 , 90.9 ,-0.52,Pitcher,신정락,5400.0
윤중현,0.42,31,0,0,0,2,1,0,0,28.0,13,12,115,29,3,0,2,10,1,1,8,0,0, 3.86 , 4.87 , 1.39 , 107.1 , 84.5 ,0.2,Pitcher,윤중현,6500.0
조영건,0.4,6,0,0,0,0,0,0,1,7.2,0,0,27,5,1,0,0,2,0,0,7,0,0, 0.00 , 2.40 , 0.91 ,  , 170.8 ,0.2,Pitcher,,3000.0
박상원,0.37,55,0,0,0,5,3,16,0,61.2,35,25,277,63,9,3,2,29,4,3,57,0,2, 3.65 , 3.38 , 1.49 , 113.8 , 122.6 ,0.92,Pitcher,박상원,9000.0
우규민,0.34,56,0,0,0,3,1,0,13,43.0,25,23,188,55,9,0,3,5,0,3,28,0,0, 4.81 , 3.61 , 1.40 , 88.0 , 116.2 ,-0.26,Pitcher,우규민,20000.0
김도규,0.32,36,0,0,0,0,3,1,1,29.2,16,16,132,29,5,0,1,13,0,1,26,0,6, 4.85 , 3.54 , 1.42 , 85.7 , 116.7 ,-1.28,Pitcher,김도규,5700.0
송명기,0.3,35,0,0,17,4,9,0,0,104.1,64,57,474,106,15,2,12,47,0,11,65,0,6, 4.92 , 5.36 , 1.47 , 84.7 , 78.5 ,-1.33,Pitcher,송명기,13000.0
박민호,0.29,10,0,0,0,0,0,0,0,10.0,3,1,47,14,1,0,0,1,0,2,4,0,0, 0.90 , 3.54 , 1.50 , 465.0 , 117.8 ,0.14,Pitcher,,12000.0
김기중,0.28,37,0,0,6,1,3,0,1,56.1,33,29,253,58,9,3,4,29,1,9,46,0,2, 4.63 , 4.70 , 1.54 , 89.6 , 88.3 ,0.2,Pitcher,김기중,3900.0
이민우,0.26,17,0,0,0,2,1,0,2,13.2,6,4,57,8,0,0,2,6,0,0,11,0,1, 2.63 , 5.05 , 1.02 , 157.6 , 82.1 ,0.07,Pitcher,이민우,4800.0
문승원,0.25,50,0,0,12,5,8,1,8,105.0,66,61,479,138,27,1,12,35,1,6,65,0,3, 5.23 , 4.83 , 1.65 , 80.0 , 87.9 ,-1.88,Pitcher,문승원,160000.0
정우람,0.24,52,0,0,0,0,1,0,8,40.1,24,24,183,45,8,2,3,17,0,2,30,0,3, 5.36 , 4.34 , 1.54 , 77.5 , 95.7 ,0.24,Pitcher,정우람,80000.0
석상호,0.24,5,0,0,0,0,0,0,0,5.1,0,0,22,4,1,0,0,2,0,0,6,0,1, 0.00 , 2.32 , 1.13 ,  , 180.7 ,-0.01,Pitcher,석상호,3000.0
강건,0.24,4,0,0,0,0,0,1,0,6.2,1,1,28,4,2,0,0,3,0,0,8,0,1, 1.35 , 2.39 , 1.05 , 312.8 , 176.9 ,-0.1,Pitcher,강건,3000.0
이용준,0.24,24,0,0,12,3,4,0,0,67.0,39,32,304,60,11,0,5,44,0,2,50,0,1, 4.30 , 4.98 , 1.55 , 96.9 , 84.5 ,-0.99,Pitcher,이용준,3000.0
김강률,0.23,32,0,0,0,1,0,1,7,25.2,14,12,115,23,3,0,2,12,0,2,21,0,2, 4.21 , 4.46 , 1.36 , 96.8 , 90.7 ,0.15,Pitcher,김강률,22500.0
박정수,0.23,25,0,0,0,1,0,1,0,36.2,22,17,165,37,12,0,1,18,1,6,28,0,2, 4.17 , 4.15 , 1.50 , 97.6 , 99.0 ,0.13,Pitcher,박정수,5000.0
이상규,0.23,8,0,0,0,0,0,0,0,7.2,2,2,34,7,0,0,0,5,0,0,6,0,1, 2.35 , 3.83 , 1.57 , 173.8 , 108.2 ,0.17,Pitcher,이상규,3700.0
문용익,0.23,14,0,0,0,1,0,0,0,13.0,6,6,59,8,1,0,0,12,0,2,12,0,5, 4.15 , 4.83 , 1.54 , 102.0 , 85.3 ,-0.13,Pitcher,문용익,4500.0
백승우,0.21,6,0,0,0,0,0,0,0,4.0,0,0,18,3,0,0,0,3,0,1,1,0,0, 0.00 , 5.94 , 1.50 ,  , 69.7 ,-0.1,Pitcher,백승우,3000.0
박준표,0.18,33,0,0,0,1,0,0,3,28.0,16,14,118,28,3,1,3,9,1,0,13,0,1, 4.50 , 4.76 , 1.32 , 91.8 , 86.0 ,-0.2,Pitcher,박준표,12500.0
이명종,0.16,45,0,0,2,5,5,0,1,57.0,34,33,260,66,13,0,5,24,0,6,26,0,0, 5.21 , 5.25 , 1.58 , 78.8 , 77.7 ,-1.16,Pitcher,이명종,3000.0
윤정현,0.16,5,0,0,0,0,0,0,0,6.0,2,1,26,5,0,0,0,6,0,0,2,0,1, 1.50 , 5.78 , 1.83 , 273.8 , 71.5 ,-0.12,Pitcher,윤정현,4100.0
이진하,0.16,9,0,0,0,0,0,0,0,8.0,3,3,31,4,3,0,0,3,0,1,2,0,1, 3.38 , 4.44 , 0.88 , 123.3 , 93.6 ,-0.04,Pitcher,이진하,3000.0
이병헌,0.16,36,0,0,0,0,0,0,5,27.0,16,14,126,25,7,0,2,22,0,1,28,0,3, 4.67 , 4.89 , 1.74 , 87.3 , 83.0 ,-0.86,Pitcher,이병헌,3000.0
이병헌,0.16,36,0,0,0,0,0,0,5,27.0,16,14,126,25,7,0,2,22,0,1,28,0,3, 4.67 , 4.89 , 1.74 , 87.3 , 83.0 ,-0.86,Pitcher,이병헌,3000.0
김승현,0.16,10,0,0,0,0,0,0,0,12.2,6,6,57,11,2,0,1,10,0,1,7,0,1, 4.26 , 5.97 , 1.66 , 96.9 , 69.2 ,-0.02,Pitcher,김승현,5500.0
전용주,0.15,15,0,0,0,0,1,0,1,10.1,5,5,43,6,4,0,0,6,0,1,9,0,4, 4.35 , 3.73 , 1.16 , 97.0 , 112.2 ,0.04,Pitcher,전용주,2800.0
백승건,0.14,25,0,0,2,2,2,0,3,38.0,24,21,170,41,5,0,7,17,0,0,29,0,0, 4.97 , 5.65 , 1.53 , 84.1 , 75.8 ,0.18,Pitcher,백승건,3000.0
이재희,0.14,2,0,0,1,0,0,0,0,8.0,3,3,33,4,1,0,1,5,0,0,5,0,1, 3.38 , 5.69 , 1.13 , 125.5 , 73.7 ,-0.06,Pitcher,이재희,4000.0
전사민,0.14,9,0,0,0,0,2,1,0,17.0,10,9,81,17,1,0,1,14,1,2,6,0,1, 4.76 , 6.15 , 1.82 , 87.4 , 68.2 ,-0.17,Pitcher,전사민,3000.0
문성현,0.14,32,0,0,0,2,2,0,2,28.1,16,13,134,25,3,0,2,20,2,2,21,0,2, 4.13 , 5.00 , 1.59 , 99.4 , 81.7 ,-0.7,Pitcher,문성현,3500.0
김태현,0.13,16,0,0,0,1,0,0,0,20.1,13,10,90,17,1,1,4,13,0,1,14,0,0, 4.43 , 6.69 , 1.48 , 94.1 , 63.2 ,-0.01,Pitcher,김태현,3000.0
이선우,0.13,22,0,0,4,0,2,0,0,37.1,20,18,169,47,6,0,5,9,0,4,24,0,0, 4.34 , 4.94 , 1.50 , 97.3 , 84.0 ,-0.66,Pitcher,이선우,3000.0
진해수,0.13,19,0,0,0,0,0,0,2,14.2,8,5,72,18,3,0,2,10,0,0,12,0,3, 3.07 , 5.62 , 1.91 , 133.0 , 72.0 ,-0.44,Pitcher,진해수,30000.0
이승현,0.13,48,0,0,0,1,5,5,7,43.1,26,24,199,41,6,0,6,29,1,2,37,0,2, 4.98 , 5.61 , 1.62 , 85.0 , 74.9 ,-1.6,Pitcher,이승현,10000.0
이승현,0.13,48,0,0,0,1,5,5,7,43.1,26,24,199,41,6,0,6,29,1,2,37,0,2, 4.98 , 5.61 , 1.62 , 85.0 , 74.9 ,-1.6,Pitcher,이승현,5500.0
김창훈,0.12,3,0,0,0,0,0,0,0,4.1,1,1,17,5,0,1,0,1,0,0,1,0,0, 2.08 , 3.67 , 1.39 , 200.3 , 113.1 ,0.1,Pitcher,김창훈,3100.0
한재승,0.11,11,0,0,0,0,1,0,0,9.2,5,4,44,9,1,0,2,5,0,0,10,0,1, 3.72 , 5.62 , 1.45 , 111.8 , 75.6 ,-0.24,Pitcher,한재승,3000.0
최지광,0.1,22,0,0,0,2,0,0,1,17.1,10,10,82,17,2,0,4,9,0,1,18,0,0, 5.19 , 6.10 , 1.50 , 81.6 , 69.5 ,-0.69,Pitcher,,12000.0
송은범,0.1,4,0,0,0,0,0,0,0,3.2,1,1,17,6,0,0,0,3,0,0,2,0,0, 2.45 , 4.81 , 2.46 , 166.3 , 86.2 ,-0.1,Pitcher,,15000.0
이상영,0.1,6,0,0,2,0,1,0,0,11.0,5,4,54,12,3,0,0,8,0,3,4,0,0, 3.27 , 5.72 , 1.82 , 124.7 , 72.3 ,-0.14,Pitcher,,3100.0
김유신,0.1,27,0,0,0,0,1,0,2,30.1,19,19,141,34,8,0,2,19,0,3,12,0,0, 5.64 , 5.68 , 1.75 , 73.3 , 72.7 ,-0.64,Pitcher,김유신,3700.0
김대유,0.1,41,0,0,0,0,2,0,4,24.2,15,14,110,26,1,1,2,8,1,6,20,0,0, 5.11 , 4.46 , 1.38 , 80.9 , 91.9 ,-0.55,Pitcher,김대유,12500.0
박승주,0.1,18,0,0,0,0,3,0,0,18.0,11,7,91,19,3,2,2,13,0,2,15,0,5, 3.50 , 5.72 , 1.78 , 117.3 , 70.9 ,-0.77,Pitcher,박승주,3200.0
이민석,0.09,1,0,0,0,0,0,0,0,1.1,0,0,5,0,0,0,0,1,0,0,1,0,0, 0.00 , 4.19 , 0.75 ,  , 99.5 ,0.1,Pitcher,이민석,3000.0
최지강,0.09,25,0,0,0,2,1,0,2,22.0,13,13,102,16,4,0,0,21,0,0,14,0,0, 5.32 , 5.03 , 1.68 , 76.6 , 82.4 ,0.41,Pitcher,최지강,3000.0
윤호솔,0.09,4,0,0,0,0,0,0,0,3.2,1,1,17,3,1,0,0,3,0,0,4,0,0, 2.45 , 3.72 , 1.64 , 166.3 , 111.7 ,0.04,Pitcher,윤호솔,6350.0
박신지,0.08,15,0,0,1,0,0,0,0,26.0,16,16,129,39,13,0,1,11,0,3,15,0,2, 5.54 , 4.40 , 1.92 , 73.5 , 92.9 ,-0.64,Pitcher,박신지,3100.0
홍원표,0.08,3,0,0,0,0,0,0,0,3.2,1,1,15,2,0,0,0,2,0,0,1,0,0, 2.45 , 4.53 , 1.09 , 172.5 , 91.2 ,0.01,Pitcher,,3000.0
임정호,0.08,65,0,0,0,4,4,0,15,50.0,30,26,216,51,9,1,3,17,0,4,49,1,4, 4.68 , 3.52 , 1.36 , 89.0 , 119.4 ,-0.29,Pitcher,임정호,10500.0
김정운,0.08,5,0,0,0,0,0,0,0,7.0,4,3,35,6,2,0,0,6,0,2,3,0,0, 3.86 , 6.01 , 1.71 , 109.5 , 69.2 ,-0.04,Pitcher,김정운,3000.0
이승호,0.08,4,0,0,1,0,0,0,1,5.0,3,3,24,5,3,0,1,4,0,0,1,0,0, 5.40 , 8.04 , 1.80 , 76.0 , 50.4 ,-0.05,Pitcher,이승호,8500.0
김강현,0.05,2,0,0,0,0,0,0,0,3.0,1,1,13,1,0,0,0,2,0,1,0,0,0, 3.00 , 6.44 , 1.00 , 138.7 , 64.6 ,-0.0,Pitcher,김강현,3000.0
서동민,0.05,2,0,0,0,0,0,0,0,1.0,0,0,6,0,0,0,0,3,0,0,1,0,0, 0.00 , 10.44 , 3.00 ,  , 39.8 ,-0.05,Pitcher,,4000.0
김시훈,0.05,61,0,0,0,4,3,3,12,52.2,32,26,245,57,10,1,3,34,0,1,49,0,3, 4.44 , 4.32 , 1.73 , 93.7 , 97.5 ,-1.51,Pitcher,김시훈,3000.0
박영완,0.05,1,0,0,0,0,0,0,0,1.0,0,0,3,0,0,0,0,1,0,0,1,0,0, 0.00 , 4.44 , 1.00 ,  , 94.0 ,0.01,Pitcher,박영완,3200.0
하준수,0.04,1,0,0,0,0,0,0,0,1.0,0,0,5,0,0,0,0,2,0,0,1,0,0, 0.00 , 7.44 , 2.00 ,  , 56.5 ,0.0,Pitcher,하준수,3000.0
하준호,0.04,12,0,0,0,0,1,0,0,13.0,9,7,65,14,1,0,0,10,2,5,6,0,4, 4.85 , 5.52 , 1.85 , 87.1 , 75.5 ,-0.15,Pitcher,하준호,5000.0
송승기,0.04,1,0,0,0,0,0,0,0,1.0,0,0,5,1,0,0,0,1,0,0,0,0,0, 0.00 , 6.44 , 2.00 ,  , 64.2 ,0.0,Pitcher,송승기,3000.0
김태욱,0.04,1,0,0,0,0,0,0,0,1.0,0,0,3,0,0,0,0,0,0,0,0,0,0, 0.00 , 3.44 , 0.00 ,  , 120.5 ,0.0,Pitcher,,3000.0
유승철,0.03,1,0,0,0,0,0,0,0,1.0,0,0,4,0,0,0,0,1,0,0,0,0,0, 0.00 , 6.44 , 1.00 ,  , 64.7 ,0.0,Pitcher,유승철,4000.0
류원석,0.03,1,0,0,0,0,0,0,0,2.0,1,1,8,1,0,0,0,0,0,1,1,0,1, 4.50 , 3.94 , 0.50 , 92.3 , 105.7 ,0.0,Pitcher,류원석,4000.0
심창민,0.02,5,0,0,0,0,1,0,0,3.1,2,1,18,2,0,0,0,5,0,1,5,0,0, 2.70 , 5.84 , 2.10 , 154.2 , 71.8 ,0.05,Pitcher,심창민,28000.0
이우석,0.02,1,0,0,0,0,0,0,0,0.2,0,0,2,0,0,0,0,1,0,0,0,0,0, 0.00 , 7.94 , 1.50 ,  , 52.7 ,0.0,Pitcher,이우석,3300.0
조현우,0.02,5,0,0,0,0,0,0,0,3.0,2,2,17,6,1,0,0,2,0,0,1,0,1, 6.00 , 4.78 , 2.67 , 70.4 , 87.2 ,0.01,Pitcher,조현우,9500.0
박세진,0.02,16,0,0,0,0,1,0,1,11.2,8,5,66,15,2,0,1,14,0,0,10,0,2, 3.86 , 6.44 , 2.49 , 109.5 , 64.7 ,-0.2,Pitcher,박세진,3200.0
오석주,0.01,9,0,0,0,0,0,0,0,10.0,7,7,44,12,2,0,2,3,0,0,11,0,2, 6.30 , 4.74 , 1.50 , 64.8 , 84.1 ,-0.08,Pitcher,오석주,3500.0
김민규,0.0,6,0,0,1,0,0,0,0,8.1,5,4,37,6,2,1,0,4,0,2,5,0,2, 4.32 , 4.40 , 1.20 , 94.3 , 94.1 ,-0.12,Pitcher,,5500.0
손주영,0.0,3,0,0,2,1,0,0,0,8.2,7,5,46,12,0,0,0,6,0,0,5,1,0, 5.19 , 4.37 , 2.08 , 78.6 , 95.0 ,-0.0,Pitcher,손주영,3800.0
김주한,0.0,1,0,0,0,0,0,0,0,0.0,3,3,3,2,0,0,1,1,0,0,0,0,0,  ,  ,  ,  ,  ,-0.01,Pitcher,,9000.0
고봉재,-0.0,10,0,0,0,0,0,0,0,11.1,8,8,53,12,2,1,0,7,0,1,7,0,0, 6.35 , 4.33 , 1.68 , 64.1 , 95.9 ,-0.21,Pitcher,고봉재,3300.0
김영현,-0.01,31,0,0,0,0,0,1,1,33.0,22,20,150,30,7,0,4,20,1,1,35,0,2, 5.45 , 4.72 , 1.52 , 77.4 , 88.6 ,-0.36,Pitcher,김영현,3000.0
홍성민,-0.01,2,0,0,0,0,0,0,0,2.0,2,2,12,5,0,1,1,1,0,0,1,0,1, 9.00 , 10.44 , 3.00 , 45.6 , 38.1 ,-0.01,Pitcher,홍성민,12500.0
한두솔,-0.01,1,0,0,0,0,0,0,0,1.0,1,1,6,1,0,1,0,1,0,1,2,0,0, 9.00 , 5.44 , 2.00 , 46.5 , 77.7 ,-0.01,Pitcher,,3000.0
박권후,-0.01,4,0,0,0,0,0,0,0,2.2,2,1,13,4,0,0,1,1,0,0,0,1,0, 3.38 , 9.44 , 1.88 , 125.5 , 45.1 ,-0.02,Pitcher,박권후,3000.0
성동현,-0.01,1,0,0,0,0,0,0,0,1.0,1,1,6,2,0,0,0,1,0,0,1,0,0, 9.00 , 4.44 , 3.00 , 45.4 , 93.3 ,-0.0,Pitcher,성동현,3000.0
오원석,-0.02,28,1,0,27,8,10,0,0,144.2,92,84,648,158,22,2,11,69,0,9,88,0,11, 5.23 , 4.83 , 1.57 , 80.1 , 87.3 ,-1.2,Pitcher,,6500.0
이기순,-0.02,2,0,0,0,0,0,0,0,3.0,3,3,16,3,0,0,1,4,0,0,3,0,0, 9.00 , 9.78 , 2.33 , 46.5 , 43.9 ,-0.01,Pitcher,,3000.0
채지선,-0.02,3,0,0,0,0,0,0,0,3.1,3,3,17,4,1,1,0,4,0,0,2,0,1, 8.10 , 5.84 , 2.40 , 51.2 , 71.6 ,-0.01,Pitcher,채지선,4000.0
이로운,-0.04,50,0,0,0,6,1,0,5,57.2,39,36,268,67,13,1,7,29,2,1,52,0,3, 5.62 , 4.67 , 1.67 , 74.5 , 91.1 ,-0.04,Pitcher,,3000.0
김준형,-0.04,8,0,0,0,0,0,0,0,7.2,6,6,36,4,3,0,0,6,0,3,5,0,0, 7.04 , 5.66 , 1.30 , 58.3 , 73.1 ,-0.03,Pitcher,김준형,4200.0
양지율,-0.04,1,0,0,0,0,0,0,0,0.2,1,1,6,1,0,0,0,3,0,0,2,0,0, 13.50 , 10.94 , 6.00 , 30.4 , 37.3 ,-0.04,Pitcher,양지율,3200.0
장재영,-0.04,23,0,0,17,1,5,0,0,71.2,46,44,339,63,15,0,4,66,0,8,67,2,8, 5.53 , 5.40 , 1.80 , 74.3 , 75.6 ,-0.78,Pitcher,장재영,3100.0
김영준,-0.05,1,0,0,0,1,0,0,0,0.1,1,1,3,1,0,0,0,1,0,0,0,0,0, 27.00 , 12.44 , 6.00 , 15.1 , 33.2 ,-0.03,Pitcher,김영준,3500.0
임지민,-0.05,2,0,0,0,0,0,0,0,1.1,2,2,10,2,0,0,0,4,0,0,3,0,2, 13.50 , 7.94 , 4.50 , 30.8 , 53.3 ,0.0,Pitcher,임지민,3000.0
정성종,-0.05,12,0,0,3,0,1,0,1,22.0,14,13,98,21,5,0,1,15,1,1,10,0,1, 5.32 , 5.17 , 1.64 , 78.2 , 79.7 ,-0.17,Pitcher,정성종,4100.0
송윤준,-0.05,4,0,0,0,0,0,0,0,4.1,4,4,19,4,2,0,0,2,0,0,3,1,0, 8.31 , 3.44 , 1.39 , 50.0 , 120.3 ,-0.04,Pitcher,송윤준,4100.0
스미스,-0.05,1,0,0,1,0,0,0,0,2.2,2,2,12,3,0,0,0,0,0,1,2,0,0, 6.75 , 3.07 , 1.13 , 61.5 , 135.6 ,0.11,Pitcher,스미스,3000.0
배재준,-0.06,1,0,0,0,0,0,0,0,1.0,2,2,6,2,0,1,0,1,0,0,0,0,1, 18.00 , 6.44 , 3.00 , 22.7 , 64.2 ,-0.0,Pitcher,배재준,5000.0
서상준,-0.06,2,0,0,0,0,0,0,0,2.0,3,0,13,1,0,0,0,5,0,0,3,0,1, 0.00 , 7.94 , 3.00 ,  , 52.3 ,-0.01,Pitcher,,3000.0
윤석원,-0.06,21,0,0,0,2,0,0,2,24.0,17,12,110,29,5,0,2,8,1,0,8,0,1, 4.50 , 4.73 , 1.54 , 91.3 , 86.2 ,-0.03,Pitcher,윤석원,3000.0
우강훈,-0.07,3,0,0,1,0,0,0,0,6.0,5,4,29,6,1,0,0,4,0,1,5,0,0, 6.00 , 4.28 , 1.67 , 69.3 , 97.6 ,-0.26,Pitcher,,3000.0
신헌민,-0.07,11,0,0,0,0,0,0,0,12.0,10,8,62,19,6,0,1,6,1,0,8,0,0, 6.00 , 4.44 , 2.08 , 69.8 , 95.2 ,0.09,Pitcher,,3000.0
김건국,-0.07,6,0,0,5,0,1,0,0,16.0,12,12,70,18,6,1,0,4,0,1,9,0,0, 6.75 , 3.26 , 1.38 , 61.2 , 127.4 ,-0.24,Pitcher,김건국,6000.0
김민수,-0.07,14,0,0,0,0,1,0,3,13.0,10,10,58,17,5,2,1,5,0,0,4,0,0, 6.92 , 4.98 , 1.69 , 61.0 , 83.3 ,-0.23,Pitcher,김민수,3000.0
김민수,-0.07,14,0,0,0,0,1,0,3,13.0,10,10,58,17,5,2,1,5,0,0,4,0,0, 6.92 , 4.98 , 1.69 , 61.0 , 83.3 ,-0.23,Pitcher,김민수,6200.0
김민수,-0.07,14,0,0,0,0,1,0,3,13.0,10,10,58,17,5,2,1,5,0,0,4,0,0, 6.92 , 4.98 , 1.69 , 61.0 , 83.3 ,-0.23,Pitcher,김민수,5300.0
김민수,-0.07,14,0,0,0,0,1,0,3,13.0,10,10,58,17,5,2,1,5,0,0,4,0,0, 6.92 , 4.98 , 1.69 , 61.0 , 83.3 ,-0.23,Pitcher,김민수,11500.0
슐서,-0.08,9,0,0,9,1,7,0,0,49.2,32,31,221,66,9,1,6,14,1,0,35,0,2, 5.62 , 4.39 , 1.61 , 75.2 , 94.8 ,-0.89,Pitcher,슐서,3000.0
장세진,-0.08,2,0,0,0,0,0,0,0,1.1,2,2,8,2,0,0,1,2,0,0,1,0,0, 13.50 , 16.19 , 3.00 , 30.8 , 24.6 ,-0.02,Pitcher,장세진,3000.0
최충연,-0.08,7,0,0,0,0,0,0,0,9.1,8,5,47,10,1,0,3,7,0,3,8,1,0, 4.82 , 9.12 , 1.82 , 87.8 , 46.4 ,-0.03,Pitcher,최충연,4500.0
박진,-0.08,4,0,0,0,0,0,0,0,5.0,5,5,29,7,2,0,1,7,0,0,2,1,1, 9.00 , 9.44 , 2.80 , 46.2 , 43.2 ,-0.07,Pitcher,박진,3100.0
조성훈,-0.09,2,0,0,2,0,1,0,0,7.0,5,5,34,10,1,0,0,4,0,2,4,0,0, 6.43 , 4.87 , 2.00 , 65.1 , 85.7 ,-0.1,Pitcher,,3000.0
김태오,-0.09,5,0,0,0,0,0,0,0,7.1,6,6,35,10,3,0,0,4,1,0,3,0,0, 7.36 , 3.85 , 1.91 , 57.3 , 108.5 ,0.11,Pitcher,김태오,3400.0
박명근,-0.09,57,0,0,1,4,3,5,9,51.1,31,29,236,49,9,1,4,28,2,6,40,0,1, 5.08 , 4.77 , 1.50 , 80.3 , 85.6 ,-0.58,Pitcher,박명근,3000.0
김정우,-0.09,7,0,0,0,0,0,0,0,6.2,7,7,38,11,2,0,1,7,0,0,6,0,0, 9.45 , 6.74 , 2.70 , 43.1 , 59.5 ,-0.06,Pitcher,,3000.0
김호준,-0.09,3,0,0,0,0,0,0,0,3.0,4,4,16,3,0,0,1,4,0,0,2,0,1, 12.00 , 10.44 , 2.33 , 33.9 , 37.8 ,0.0,Pitcher,김호준,3000.0
김서준,-0.09,8,0,0,1,0,1,0,1,7.2,6,6,39,9,2,0,0,6,0,2,2,0,3, 7.04 , 6.05 , 1.96 , 60.1 , 68.2 ,-0.41,Pitcher,김서준,3000.0
진승현,-0.09,24,0,0,0,2,2,0,1,27.2,20,18,129,34,3,0,2,16,3,0,25,0,1, 5.86 , 3.98 , 1.81 , 71.1 , 102.4 ,-0.14,Pitcher,진승현,3000.0
오상원,-0.1,11,0,0,1,0,0,0,0,15.0,11,11,74,18,5,1,0,9,0,3,7,0,0, 6.60 , 4.91 , 1.80 , 62.2 , 84.2 ,-0.32,Pitcher,오상원,3000.0
윤산흠,-0.1,5,0,0,0,0,0,0,0,3.0,2,2,18,3,1,0,0,6,0,0,3,0,0, 6.00 , 7.44 , 3.00 , 69.2 , 55.8 ,-0.46,Pitcher,윤산흠,3100.0
류희운,-0.1,3,0,0,0,0,0,0,0,4.0,5,5,20,6,1,0,1,2,0,0,4,0,0, 11.25 , 6.19 , 2.00 , 36.9 , 67.1 ,-0.01,Pitcher,류희운,3300.0
제환유,-0.11,1,0,0,0,0,0,0,0,2.0,4,3,14,3,0,0,0,4,0,0,2,0,1, 13.50 , 7.44 , 3.50 , 30.2 , 55.7 ,-0.01,Pitcher,제환유,3000.0
와이드너,-0.11,21,0,0,20,7,5,0,0,115.0,65,58,495,112,22,0,7,40,1,6,99,0,3, 4.54 , 3.69 , 1.32 ,  ,  ,-0.19,Pitcher,와이드너,3000.0
이채호,-0.11,25,0,0,0,0,1,0,1,24.2,19,19,110,26,6,0,6,9,0,3,8,0,1, 6.93 , 7.42 , 1.42 , 60.9 , 55.8 ,-0.57,Pitcher,이채호,3000.0
장민재,-0.11,25,0,0,13,3,8,0,1,69.0,46,37,308,79,13,2,12,22,2,5,61,0,5, 4.83 , 5.02 , 1.46 , 86.0 , 82.7 ,-0.54,Pitcher,장민재,7600.0
나원탁,-0.11,1,0,0,0,0,0,0,0,0.2,3,3,6,3,0,0,1,1,0,0,1,0,0, 40.50 , 24.44 , 6.00 , 10.3 , 16.1 ,-0.0,Pitcher,나원탁,3100.0
박세웅,-0.12,2,0,0,0,0,0,0,0,0.2,2,2,6,1,0,0,1,3,0,0,1,0,0, 27.00 , 33.44 , 6.00 , 15.7 , 12.8 ,-0.3,Pitcher,박세웅,3300.0
박세웅,-0.12,2,0,0,0,0,0,0,0,0.2,2,2,6,1,0,0,1,3,0,0,1,0,0, 27.00 , 33.44 , 6.00 , 15.7 , 12.8 ,-0.3,Pitcher,박세웅,26000.0
김주온,-0.12,1,0,0,0,0,0,0,0,0.1,3,3,5,2,0,0,0,1,0,1,1,0,1, 81.00 , 15.44 , 9.00 , 5.2 , 27.4 ,-0.0,Pitcher,,3000.0
김시현,-0.12,2,0,0,0,0,0,0,0,3.0,5,4,17,6,1,0,2,2,0,0,2,0,0, 12.00 , 12.78 , 2.67 , 35.3 , 33.6 ,-0.01,Pitcher,,3300.0
이준호,-0.13,17,0,0,2,3,2,0,0,31.2,22,17,144,32,4,1,3,15,0,4,19,0,2, 4.83 , 5.27 , 1.48 , 86.2 , 79.7 ,0.03,Pitcher,이준호,3000.0
장지수,-0.14,1,0,0,0,0,0,0,0,2.0,5,4,11,4,0,0,0,2,0,0,0,0,1, 18.00 , 6.44 , 3.00 , 23.1 , 64.5 ,-0.01,Pitcher,장지수,3200.0
이승진,-0.15,1,0,0,0,0,0,0,0,0.2,4,0,6,1,0,0,0,1,0,1,1,0,0, 0.00 , 9.44 , 3.00 ,  , 43.8 ,-0.0,Pitcher,이승진,11000.0
김유성,-0.15,7,0,0,0,0,0,0,0,6.1,7,7,38,6,0,0,2,12,0,0,6,0,3, 9.95 , 11.34 , 2.84 , 40.9 , 35.1 ,-0.24,Pitcher,김유성,3000.0
최이준,-0.15,28,0,0,0,1,0,0,1,29.0,22,22,143,37,11,3,1,21,1,0,20,0,4, 6.83 , 4.58 , 2.00 , 60.9 , 90.2 ,0.23,Pitcher,최이준,3000.0
장원준,-0.16,11,0,0,10,3,5,0,0,41.0,27,24,183,53,8,2,4,11,0,2,24,0,2, 5.27 , 4.49 , 1.56 , 77.3 , 89.4 ,-0.64,Pitcher,장원준,5000.0
조이현,-0.17,18,0,0,4,2,1,0,1,35.0,27,26,170,61,14,1,3,6,0,2,17,1,1, 6.69 , 4.27 , 1.91 , 63.2 , 97.3 ,-0.38,Pitcher,조이현,6500.0
윤명준,-0.17,21,0,0,0,0,1,0,5,19.1,14,14,98,31,3,1,4,10,2,4,11,0,5, 6.52 , 6.86 , 2.12 , 63.8 , 58.9 ,-1.07,Pitcher,윤명준,14000.0
김기훈,-0.18,29,0,0,0,2,0,0,0,31.1,22,16,156,28,6,1,0,37,1,2,26,1,5, 4.60 , 5.42 , 2.07 , 89.9 , 76.7 ,-0.99,Pitcher,김기훈,4000.0
배민서,-0.18,6,0,0,0,0,0,0,0,6.2,8,5,34,10,5,2,0,2,0,1,4,0,1, 6.75 , 3.59 , 1.80 , 61.7 , 115.9 ,-0.13,Pitcher,,3100.0
김건희,-0.18,3,0,0,0,0,0,0,0,2.0,5,5,14,6,0,0,2,2,0,0,0,0,0, 22.50 , 19.44 , 4.00 , 18.3 , 20.4 ,0.0,Pitcher,김건희,3000.0
이충호,-0.18,11,0,0,0,0,0,0,0,8.2,9,9,41,12,0,0,2,5,0,1,7,0,0, 9.35 , 6.90 , 1.96 , 44.4 , 60.2 ,-0.24,Pitcher,이충호,3200.0
곽도규,-0.19,14,0,0,0,0,0,0,0,11.2,11,11,61,14,2,0,0,10,0,2,14,0,1, 8.49 , 4.13 , 2.06 , 48.7 , 100.7 ,-0.07,Pitcher,곽도규,3000.0
김대현,-0.19,5,0,0,0,0,0,0,0,3.1,5,4,22,8,2,0,1,2,0,1,3,0,1, 10.80 , 8.24 , 3.00 , 37.8 , 48.5 ,-0.4,Pitcher,,3000.0
이영하,-0.2,36,0,0,0,5,3,0,4,39.1,27,24,184,40,9,1,2,21,1,4,28,0,2, 5.49 , 4.51 , 1.55 , 74.2 , 90.5 ,-1.15,Pitcher,,16000.0
노건우,-0.2,16,0,0,0,0,1,0,1,12.1,11,10,65,22,3,0,3,5,0,1,12,0,1, 7.30 , 6.12 , 2.19 , 58.0 , 69.4 ,-0.53,Pitcher,노건우,5800.0
이민호,-0.2,5,0,0,5,0,2,0,0,19.2,13,11,91,22,4,0,1,10,0,0,7,0,0, 5.03 , 4.92 , 1.63 , 81.1 , 83.4 ,-0.43,Pitcher,이민호,9800.0
이민호,-0.2,5,0,0,5,0,2,0,0,19.2,13,11,91,22,4,0,1,10,0,0,7,0,0, 5.03 , 4.92 , 1.63 , 81.1 , 83.4 ,-0.43,Pitcher,이민호,10000.0
한현희,-0.21,38,0,0,18,6,12,0,3,104.0,69,63,476,123,20,4,11,44,1,11,74,0,6, 5.45 , 4.95 , 1.61 , 76.3 , 82.5 ,-1.78,Pitcher,한현희,25000.0
이원재,-0.21,1,0,0,1,0,0,0,0,1.0,3,3,9,3,1,0,0,3,0,0,0,0,0, 27.00 , 12.44 , 6.00 , 15.1 , 33.3 ,-0.31,Pitcher,이원재,3000.0
최성훈,-0.22,5,0,0,0,0,0,1,0,3.0,5,5,17,7,2,0,0,1,0,0,2,0,0, 15.00 , 3.11 , 2.67 , 27.2 , 133.6 ,0.05,Pitcher,최성훈,10500.0
양현,-0.22,54,0,0,0,0,4,0,8,57.0,38,32,262,83,9,2,5,21,1,0,16,1,0, 5.05 , 5.07 , 1.83 , 81.3 , 80.4 ,-1.25,Pitcher,양현,10000.0
정구범,-0.23,4,0,0,2,0,1,0,0,12.2,11,11,64,16,3,0,3,12,0,0,6,0,0, 7.82 , 8.42 , 2.21 , 53.3 , 50.2 ,-0.26,Pitcher,정구범,3000.0
임준섭,-0.24,41,0,0,0,0,2,0,3,32.2,25,21,155,44,6,0,1,19,1,1,26,0,2, 5.79 , 3.99 , 1.93 , 72.3 , 104.9 ,-0.04,Pitcher,임준섭,4000.0
박윤철,-0.25,3,0,0,0,0,0,0,0,3.1,8,8,20,5,2,0,2,5,0,0,1,0,1, 21.60 , 15.14 , 3.00 , 19.2 , 27.5 ,-0.0,Pitcher,,3200.0
이형범,-0.25,23,0,0,0,1,0,0,1,27.2,23,20,134,40,10,0,2,12,0,3,13,0,2, 6.51 , 5.07 , 1.88 , 62.6 , 80.0 ,-0.32,Pitcher,이형범,8100.0
허윤동,-0.25,7,0,0,1,0,1,0,0,10.2,12,12,60,16,7,0,0,12,0,0,8,0,0, 10.13 , 5.32 , 2.63 , 41.8 , 77.5 ,-0.44,Pitcher,허윤동,4700.0
김재영,-0.26,6,0,0,0,0,0,0,0,8.0,9,9,40,13,2,1,2,2,0,2,5,0,0, 10.13 , 6.94 , 1.88 , 41.0 , 60.0 ,-0.31,Pitcher,김재영,5500.0
송영진,-0.26,17,0,0,9,3,3,0,0,47.1,35,30,220,46,9,1,3,31,0,2,38,2,8, 5.70 , 4.75 , 1.63 , 73.4 , 88.6 ,-1.06,Pitcher,,3000.0
박준영,-0.3,4,0,0,0,0,0,0,0,4.1,9,9,23,2,0,0,0,8,0,0,7,0,1, 18.69 , 5.75 , 2.31 , 22.2 , 72.1 ,-0.05,Pitcher,박준영,7000.0
박준영,-0.3,4,0,0,0,0,0,0,0,4.1,9,9,23,2,0,0,0,8,0,0,7,0,1, 18.69 , 5.75 , 2.31 , 22.2 , 72.1 ,-0.05,Pitcher,박준영,3000.0
장필준,-0.3,17,0,0,3,1,1,0,1,19.1,17,17,96,28,5,3,2,12,0,2,11,0,0, 7.91 , 5.82 , 2.07 , 53.5 , 71.8 ,-0.34,Pitcher,장필준,12000.0
김진욱,-0.31,50,0,0,0,2,1,0,8,36.1,27,26,177,37,6,1,4,29,0,2,35,0,3, 6.44 , 5.51 , 1.82 , 64.6 , 74.4 ,-0.76,Pitcher,김진욱,5100.0
이지강,-0.32,22,0,0,12,2,5,0,2,68.0,45,30,299,60,9,0,4,28,0,9,38,0,3, 3.97 , 4.72 , 1.29 , 102.8 , 86.7 ,-0.56,Pitcher,이지강,3000.0
정성곤,-0.32,6,0,0,0,0,0,0,0,4.1,9,5,29,8,3,0,2,7,0,0,3,0,0, 10.38 , 12.90 , 3.46 , 40.3 , 33.3 ,-0.1,Pitcher,,7500.0
딜런,-0.32,2,0,0,2,0,1,0,0,9.0,9,8,45,10,1,0,2,5,0,0,2,0,1, 8.00 , 7.55 , 1.67 , 50.9 , 52.5 ,-0.34,Pitcher,딜런,3000.0
한승혁,-0.33,21,0,0,7,0,3,0,1,36.1,27,26,176,48,9,0,3,21,0,3,28,0,4, 6.44 , 4.96 , 1.90 , 64.5 , 83.8 ,-1.69,Pitcher,한승혁,5300.0
이종민,-0.36,11,0,0,2,0,1,0,0,13.2,13,11,72,22,7,0,0,6,0,1,10,0,0, 7.24 , 3.52 , 2.05 , 56.7 , 117.1 ,-0.71,Pitcher,이종민,3000.0
강재민,-0.36,43,0,0,0,1,3,0,12,43.1,31,31,189,35,10,1,5,19,0,8,42,0,0, 6.44 , 4.87 , 1.25 , 64.5 , 85.2 ,-1.03,Pitcher,강재민,15000.0
황동하,-0.42,13,0,0,6,0,3,0,0,31.1,25,23,149,35,6,3,5,21,0,1,19,0,1, 6.61 , 6.41 , 1.79 , 62.5 , 64.0 ,-0.97,Pitcher,황동하,3000.0
이영준,-0.42,2,0,0,0,0,1,0,0,1.2,4,4,10,4,0,0,0,1,0,0,0,0,1, 21.60 , 5.24 , 3.00 , 19.0 , 79.0 ,-0.46,Pitcher,이영준,6000.0
문경찬,-0.45,2,0,0,0,0,1,0,0,2.0,6,6,12,6,0,0,3,0,0,0,2,0,0, 27.00 , 20.94 , 3.00 , 15.4 , 18.7 ,-0.8,Pitcher,문경찬,9000.0
강효종,-0.45,7,0,0,7,1,2,0,0,21.2,18,15,103,25,3,0,1,12,0,2,14,1,0, 6.23 , 4.69 , 1.71 , 65.5 , 87.5 ,-0.6,Pitcher,강효종,3000.0
김서현,-0.45,20,0,0,1,0,0,1,0,22.1,20,18,114,22,4,2,1,23,1,7,26,1,3, 7.25 , 5.59 , 2.02 , 57.2 , 74.3 ,-0.08,Pitcher,김서현,3000.0
하영민,-0.45,57,0,0,0,3,1,0,5,52.1,36,27,247,67,8,4,4,25,3,1,51,0,6, 4.64 , 3.81 , 1.76 , 88.4 , 106.4 ,-0.94,Pitcher,하영민,4000.0
이태연,-0.48,15,0,0,0,0,0,0,1,5.2,10,10,37,12,3,0,1,9,0,0,4,0,0, 15.88 , 9.09 , 3.71 , 26.2 , 45.0 ,-0.34,Pitcher,이태연,3000.0
최영환,-0.51,8,0,0,0,0,1,0,0,10.0,14,11,54,15,8,0,0,7,0,1,7,0,0, 9.90 , 4.44 , 2.20 , 42.0 , 93.9 ,-0.38,Pitcher,최영환,4700.0
남지민,-0.51,16,0,0,7,1,7,0,0,37.2,31,27,186,54,12,0,0,13,1,6,23,0,3, 6.45 , 3.66 , 1.78 , 64.4 , 113.6 ,-1.29,Pitcher,남지민,3300.0
소형준,-0.53,3,0,0,3,0,0,0,0,11.0,14,14,59,22,4,0,1,3,0,3,4,0,2, 11.45 , 5.53 , 2.27 , 36.9 , 75.0 ,-0.52,Pitcher,소형준,20000.0
주승우,-0.53,11,0,0,2,0,2,0,0,16.0,18,17,90,20,7,0,1,21,0,2,8,0,3, 9.56 , 7.57 , 2.56 , 42.9 , 54.2 ,-0.43,Pitcher,주승우,3000.0
김동규,-0.54,4,0,0,1,0,1,0,0,4.1,12,11,31,6,0,0,1,12,0,2,1,0,4, 22.85 , 15.67 , 4.15 , 17.9 , 26.0 ,-0.44,Pitcher,김동규,3000.0
이상민,-0.54,23,0,0,0,2,1,0,1,18.0,17,17,83,32,3,1,2,3,0,0,17,0,0, 8.50 , 3.50 , 1.94 , 49.8 , 120.6 ,-0.63,Pitcher,이상민,5500.0
박종훈,-0.55,18,0,0,16,2,6,0,0,80.0,57,55,382,77,13,1,8,60,0,19,56,0,2, 6.19 , 6.31 , 1.71 , 67.6 , 67.0 ,-1.45,Pitcher,,180000.0
황동재,-0.58,7,0,0,7,0,5,0,0,31.2,27,25,155,40,14,1,6,21,0,2,27,0,0, 7.11 , 6.38 , 1.93 , 59.6 , 66.0 ,-0.83,Pitcher,황동재,3100.0
메디나,-0.62,12,0,0,12,2,6,0,0,58.0,42,39,269,64,16,1,6,29,0,9,36,1,5, 6.05 , 5.51 , 1.60 , 68.3 , 74.6 ,-1.67,Pitcher,메디나,3000.0
김민,-0.64,16,0,0,4,1,2,0,0,29.0,26,22,145,40,6,0,3,16,0,4,22,0,4, 6.83 , 5.34 , 1.93 , 61.8 , 78.0 ,-1.13,Pitcher,김민,4000.0
원종현,-0.64,20,0,0,0,1,1,0,6,18.2,16,12,87,24,8,1,3,5,1,1,17,0,2, 5.79 , 4.51 , 1.55 , 71.0 , 88.7 ,-0.53,Pitcher,원종현,27000.0
변시원,-0.69,4,0,0,0,0,0,0,0,2.1,11,11,19,6,2,0,1,4,0,2,2,0,0, 42.43 , 15.01 , 4.29 , 9.7 , 26.9 ,-0.32,Pitcher,변시원,4000.0
최하늘,-0.7,3,0,0,2,0,2,0,0,6.1,14,14,40,14,6,0,2,5,0,2,3,0,0, 19.89 , 9.92 , 3.00 , 21.3 , 42.6 ,-0.71,Pitcher,최하늘,3000.0
김재열,-0.71,9,0,0,0,0,0,0,0,11.2,17,17,70,20,4,1,2,13,0,0,9,0,0, 13.11 , 7.47 , 2.83 , 31.5 , 55.0 ,-0.4,Pitcher,김재열,3900.0
김선기,-0.73,17,0,0,7,1,3,1,0,43.2,37,29,200,56,16,2,2,15,0,1,29,1,0, 5.98 , 3.81 , 1.63 , 68.7 , 107.1 ,-0.99,Pitcher,김선기,6300.0
양창섭,-0.77,15,0,0,4,0,3,0,2,28.2,29,29,141,45,5,1,7,16,1,1,12,0,2, 9.10 , 7.45 , 2.13 , 46.5 , 56.8 ,-0.92,Pitcher,양창섭,4700.0
최채흥,-0.79,15,0,0,14,1,7,0,0,63.1,52,47,295,90,13,3,9,16,1,3,33,1,1, 6.68 , 5.10 , 1.67 , 63.4 , 82.7 ,-1.62,Pitcher,,16000.0
이인복,-0.8,10,0,0,7,1,4,0,0,33.1,32,24,168,54,7,3,3,10,1,5,15,0,4, 6.48 , 4.97 , 1.92 , 64.2 , 82.2 ,-1.39,Pitcher,이인복,8500.0
김동혁,-0.81,35,0,0,2,1,7,0,6,39.1,34,33,192,51,9,3,1,18,0,6,24,2,0, 7.55 , 4.38 , 1.75 , 54.4 , 93.7 ,-1.16,Pitcher,김동혁,6000.0
홍정우,-0.81,36,0,0,1,2,3,0,3,36.0,31,30,166,36,3,1,5,21,2,3,22,0,2, 7.50 , 5.86 , 1.58 , 56.5 , 71.8 ,-1.07,Pitcher,홍정우,5300.0
정우영,-0.88,60,0,0,0,5,6,0,11,51.2,39,27,245,63,11,0,1,17,1,15,41,1,2, 4.70 , 3.91 , 1.55 , 86.8 , 105.5 ,-1.82,Pitcher,정우영,28000.0
김민우,-1.06,12,0,0,12,1,6,0,0,51.2,43,40,243,65,16,2,6,28,0,2,43,0,5, 6.97 , 5.03 , 1.80 , 59.6 , 82.5 ,-1.61,Pitcher,김민우,19100.0
김태훈,-1.53,71,0,0,0,6,7,3,11,63.1,54,50,306,74,18,2,8,43,4,3,40,0,1, 7.11 , 5.81 , 1.85 , 59.4 , 72.1 ,-2.33,Pitcher,김태훈,4100.0
김태훈,-1.53,71,0,0,0,6,7,3,11,63.1,54,50,306,74,18,2,8,43,4,3,40,0,1, 7.11 , 5.81 , 1.85 , 59.4 , 72.1 ,-2.33,Pitcher,김태훈,19000.0
